epoch,train_loss,lb_plcc_sample,lb_cos_dist
0,0.20375734567642212,0.18476800620555878,0.5381694734096527
1,0.15285293757915497,0.2730518579483032,0.451299250125885
2,0.13358628749847412,0.32263287901878357,0.4121270775794983
3,0.12430239468812943,0.36042919754981995,0.38643068075180054
4,0.11845211684703827,0.38980746269226074,0.3691009283065796
5,0.11359145492315292,0.4130673110485077,0.35708510875701904
6,0.11152659356594086,0.42811354994773865,0.3499166965484619
7,0.10969903320074081,0.4372861981391907,0.345700204372406
8,0.10874408483505249,0.44535815715789795,0.3420540690422058
9,0.10795827209949493,0.45442408323287964,0.33791011571884155
10,0.10718144476413727,0.4626612961292267,0.3340529203414917
11,0.10604317486286163,0.4695737957954407,0.3306739330291748
12,0.10558229684829712,0.4760558009147644,0.3273202180862427
13,0.10453169047832489,0.4824463427066803,0.3238682746887207
14,0.10316737741231918,0.490419864654541,0.31960922479629517
15,0.1016809344291687,0.5007143616676331,0.3143473267555237
16,0.10098690539598465,0.5112324357032776,0.3088909387588501
17,0.09918437153100967,0.5217827558517456,0.30319905281066895
18,0.09756148606538773,0.5305551290512085,0.2980109453201294
19,0.09644293785095215,0.537945032119751,0.2933858036994934
20,0.09535602480173111,0.5448216199874878,0.28920167684555054
21,0.09414329379796982,0.5501977205276489,0.285849392414093
22,0.0930669978260994,0.5554333329200745,0.2828131914138794
23,0.09195850044488907,0.5605258345603943,0.2800624966621399
24,0.09105144441127777,0.5649543404579163,0.2777692675590515
25,0.08957386016845703,0.5686598420143127,0.27582550048828125
26,0.08862286806106567,0.5733930468559265,0.2730480432510376
27,0.08777669072151184,0.5801040530204773,0.26902103424072266
28,0.08649351447820663,0.5866517424583435,0.26500117778778076
29,0.08579039573669434,0.5917701721191406,0.26186704635620117
30,0.08370339870452881,0.5965489149093628,0.2589394450187683
31,0.0835733488202095,0.6003032326698303,0.2564934492111206
32,0.0826696902513504,0.6048170328140259,0.25343018770217896
33,0.0811857208609581,0.609052300453186,0.2505519986152649
34,0.08033565431833267,0.614302396774292,0.24731844663619995
35,0.07904715836048126,0.6187768578529358,0.24460530281066895
36,0.07799387723207474,0.623333752155304,0.24179458618164062
37,0.0767885372042656,0.627216637134552,0.2392476201057434
38,0.07603935152292252,0.6303402781486511,0.2371760606765747
39,0.07614772021770477,0.6347202658653259,0.23452603816986084
40,0.07399395108222961,0.6392014622688293,0.2319655418395996
41,0.07290293276309967,0.643797755241394,0.22922831773757935
42,0.07156869024038315,0.6479856967926025,0.2266187071800232
43,0.07202299684286118,0.6512675285339355,0.22452229261398315
44,0.07064370810985565,0.6539058089256287,0.22293156385421753
45,0.06958018988370895,0.657120406627655,0.22103124856948853
46,0.06816647946834564,0.6614404320716858,0.21848589181900024
47,0.06801565736532211,0.6657832264900208,0.21592700481414795
48,0.06699242442846298,0.6701391339302063,0.21336591243743896
49,0.06669208407402039,0.6737130284309387,0.21120232343673706
50,0.06553639471530914,0.6765866875648499,0.20947754383087158
51,0.06443876773118973,0.6792464256286621,0.20796602964401245
52,0.06399945169687271,0.6826429963111877,0.20593875646591187
53,0.06285933405160904,0.6864483952522278,0.20352411270141602
54,0.06291092932224274,0.6902241706848145,0.20116907358169556
55,0.06128637492656708,0.6913015842437744,0.20059555768966675
56,0.061588965356349945,0.6939710378646851,0.19894587993621826
57,0.06066498905420303,0.6971986889839172,0.19689607620239258
58,0.05970919877290726,0.6988126039505005,0.1957770586013794
59,0.05950834974646568,0.7022858262062073,0.1937064528465271
60,0.0584355928003788,0.7033036947250366,0.19322162866592407
61,0.05807294696569443,0.7055923342704773,0.1920190453529358
62,0.05781576409935951,0.7095699906349182,0.18958932161331177
63,0.056945569813251495,0.7120006680488586,0.18804311752319336
64,0.0568840429186821,0.7096923589706421,0.18942713737487793
65,0.055700454860925674,0.7131913304328918,0.18730312585830688
66,0.055009614676237106,0.7158054113388062,0.18576979637145996
67,0.054670099169015884,0.7191404700279236,0.18364834785461426
68,0.053453706204891205,0.7198760509490967,0.18328142166137695
69,0.053881000727415085,0.7191242575645447,0.18408674001693726
70,0.05220191180706024,0.7234033942222595,0.1812865138053894
71,0.052235040813684464,0.7268071174621582,0.17887228727340698
72,0.05216265097260475,0.726982057094574,0.17867958545684814
73,0.05187342315912247,0.7287870049476624,0.1776893138885498
74,0.05145791172981262,0.7270523309707642,0.1789783239364624
75,0.05045478418469429,0.7279998064041138,0.1785433292388916
76,0.05050967261195183,0.7299763560295105,0.1773318648338318
77,0.049885064363479614,0.7333301901817322,0.1751430630683899
78,0.04968959093093872,0.7315380573272705,0.1763342022895813
79,0.04849552735686302,0.7345908284187317,0.17425400018692017
80,0.04859606921672821,0.7340977787971497,0.17452627420425415
81,0.04754580184817314,0.7339217066764832,0.17471182346343994
82,0.047988373786211014,0.7403217554092407,0.17070233821868896
83,0.04734083637595177,0.7397304773330688,0.17148369550704956
84,0.046899281442165375,0.7361259460449219,0.17398059368133545
85,0.046961572021245956,0.7387081980705261,0.1720474362373352
86,0.046376679092645645,0.7420913577079773,0.16953563690185547
87,0.04605666548013687,0.7444819808006287,0.1679229736328125
88,0.04515375569462776,0.744330883026123,0.16846632957458496
89,0.04524187371134758,0.7419071793556213,0.1703249216079712
90,0.044944796711206436,0.7456974983215332,0.16799521446228027
91,0.04470604285597801,0.7479307651519775,0.1663118600845337
92,0.04437589272856712,0.7484461665153503,0.16581672430038452
93,0.043718017637729645,0.7471094131469727,0.16674435138702393
94,0.04354085773229599,0.7492905855178833,0.16556888818740845
95,0.04314695671200752,0.7501742243766785,0.1649765968322754
96,0.04291871190071106,0.7508051991462708,0.1642533540725708
97,0.04253953695297241,0.7518613338470459,0.16365176439285278
98,0.04225492849946022,0.7493028044700623,0.1653292179107666
99,0.042544979602098465,0.7512721419334412,0.16405755281448364
100,0.04081706330180168,0.7538641095161438,0.16235995292663574
101,0.04161971062421799,0.7523098587989807,0.16327190399169922
102,0.041216202080249786,0.7542644739151001,0.1621180772781372
103,0.04094674810767174,0.7525629997253418,0.16334277391433716
104,0.04077616706490517,0.7550034523010254,0.1618480086326599
105,0.04005571827292442,0.7570366263389587,0.1602081060409546
106,0.04037519916892052,0.7565246224403381,0.16033673286437988
107,0.040133632719516754,0.7553752660751343,0.16116052865982056
108,0.03941383585333824,0.7576660513877869,0.1599840521812439
109,0.03943035379052162,0.7580407857894897,0.1599627137184143
110,0.03979231417179108,0.7584469318389893,0.15964823961257935
111,0.039239708334207535,0.7593908309936523,0.1589910387992859
112,0.039013687521219254,0.7585656046867371,0.159448504447937
113,0.038057807832956314,0.7611914873123169,0.1577063798904419
114,0.038023192435503006,0.7602062821388245,0.15827375650405884
115,0.0388166606426239,0.7599833011627197,0.15874409675598145
116,0.03827643021941185,0.759972095489502,0.1590682864189148
117,0.037543512880802155,0.7596001029014587,0.1587778925895691
118,0.03716036677360535,0.7599932551383972,0.15812724828720093
119,0.03780428320169449,0.7629805207252502,0.1563834547996521
120,0.03791220858693123,0.7609745860099792,0.15790075063705444
121,0.037094127386808395,0.7606258392333984,0.1583436131477356
122,0.036695659160614014,0.7624729871749878,0.15679270029067993
123,0.03671616315841675,0.764308512210846,0.1553494930267334
124,0.037019263952970505,0.764146089553833,0.1555970311164856
125,0.03631030395627022,0.7622605562210083,0.15694081783294678
126,0.036208994686603546,0.7641419768333435,0.15601688623428345
127,0.03638671711087227,0.7671542763710022,0.1541176438331604
128,0.03616371005773544,0.7649745345115662,0.15514010190963745
129,0.03567073866724968,0.765590250492096,0.1545979380607605
130,0.035051822662353516,0.765611469745636,0.15436911582946777
131,0.034973111003637314,0.7676216959953308,0.1530194878578186
132,0.034958407282829285,0.7696612477302551,0.15174251794815063
133,0.035033099353313446,0.7698332667350769,0.15192222595214844
134,0.03484215959906578,0.7679224014282227,0.15337085723876953
135,0.03469514101743698,0.7697310447692871,0.15174877643585205
136,0.03417018800973892,0.7706899642944336,0.150814950466156
137,0.03399102762341499,0.770137369632721,0.15134209394454956
138,0.034644581377506256,0.7718747854232788,0.15063172578811646
139,0.03443075716495514,0.7697513699531555,0.15196549892425537
140,0.03360867127776146,0.7689660787582397,0.1521742343902588
141,0.03406510874629021,0.7734007835388184,0.1492580771446228
142,0.03365103155374527,0.7738133072853088,0.1490911841392517
143,0.03349641337990761,0.7697232961654663,0.15201836824417114
144,0.03371313214302063,0.7710744738578796,0.1514609456062317
145,0.03289401903748512,0.7718912959098816,0.15090852975845337
146,0.033216338604688644,0.7684445381164551,0.152984619140625
147,0.03302447125315666,0.7729622721672058,0.1499631404876709
148,0.03289473056793213,0.7725725173950195,0.1502460241317749
149,0.03269864618778229,0.7704817056655884,0.15170300006866455
150,0.03334029018878937,0.7731108665466309,0.1497517228126526
151,0.03195742890238762,0.7731053233146667,0.14972180128097534
152,0.03260020166635513,0.7719395756721497,0.1504632830619812
153,0.03201262280344963,0.7717567086219788,0.15068572759628296
154,0.032337769865989685,0.7750194072723389,0.14863711595535278
155,0.03189024329185486,0.7745893597602844,0.14876484870910645
156,0.03190477937459946,0.7687111496925354,0.15249347686767578
157,0.03161467984318733,0.7746803760528564,0.14881181716918945
158,0.03131313621997833,0.775495707988739,0.14858734607696533
159,0.03127462416887283,0.7736990451812744,0.149305522441864
160,0.030889693647623062,0.7745994925498962,0.14853960275650024
161,0.030701633542776108,0.7774633765220642,0.14693397283554077
162,0.03128175437450409,0.7762649655342102,0.1479209065437317
163,0.030812783166766167,0.7722073793411255,0.15059679746627808
164,0.030850816518068314,0.7752306461334229,0.1487736701965332
165,0.03066946379840374,0.777794361114502,0.146950364112854
166,0.03124365024268627,0.7759652137756348,0.14786797761917114
167,0.030464785173535347,0.7727665901184082,0.1498240828514099
168,0.0306208748370409,0.7761797308921814,0.1476944088935852
169,0.030403342097997665,0.7775570154190063,0.14672523736953735
170,0.029808852821588516,0.776863694190979,0.14702171087265015
171,0.03033231757581234,0.7765731811523438,0.1472402811050415
172,0.02945469506084919,0.7757880687713623,0.14775657653808594
173,0.030163606628775597,0.7756801843643188,0.14781057834625244
174,0.03009597584605217,0.7763082981109619,0.14742892980575562
175,0.029828829690814018,0.7779598832130432,0.14642131328582764
176,0.029949992895126343,0.7768223285675049,0.1472674012184143
177,0.029785972088575363,0.7746613621711731,0.14874958992004395
178,0.02968706376850605,0.7761391401290894,0.14779657125473022
179,0.029476311057806015,0.7780399918556213,0.14636772871017456
180,0.029130619019269943,0.778289794921875,0.14596712589263916
181,0.029357995837926865,0.7774612903594971,0.14662885665893555
182,0.0285806767642498,0.7780868411064148,0.146575927734375
183,0.029052162542939186,0.7771469354629517,0.1474812626838684
184,0.02893238328397274,0.7780344486236572,0.14663606882095337
185,0.02831028588116169,0.7783377766609192,0.14598196744918823
186,0.028269968926906586,0.7789034843444824,0.14543092250823975
187,0.028590228408575058,0.7774258255958557,0.1463867425918579
188,0.02821456268429756,0.7757521271705627,0.14767307043075562
189,0.02840092033147812,0.7772565484046936,0.14683109521865845
190,0.027877960354089737,0.778980553150177,0.14564067125320435
191,0.028451986610889435,0.7792301177978516,0.1455211043357849
192,0.027788635343313217,0.7781121134757996,0.14624238014221191
193,0.02783055603504181,0.7765570878982544,0.14715176820755005
194,0.02788931131362915,0.779251217842102,0.14532309770584106
195,0.027362482622265816,0.7814592123031616,0.14403676986694336
196,0.028135094791650772,0.7798559069633484,0.14523881673812866
197,0.027628330513834953,0.7778492569923401,0.14673662185668945
198,0.027819031849503517,0.7785740494728088,0.14633190631866455
199,0.027436750009655952,0.7802660465240479,0.14506274461746216
200,0.027659263461828232,0.7801331281661987,0.145064115524292
201,0.02690732292830944,0.7798710465431213,0.14509665966033936
202,0.027279142290353775,0.7774735689163208,0.14663153886795044
203,0.027211880311369896,0.7771404981613159,0.14695745706558228
204,0.027027973905205727,0.7787919044494629,0.1460803747177124
205,0.02695685252547264,0.7808324694633484,0.14488071203231812
206,0.026793869212269783,0.781233012676239,0.14440709352493286
207,0.027089295908808708,0.7802531123161316,0.14485043287277222
208,0.027089735493063927,0.7797718644142151,0.1451389193534851
209,0.02675495855510235,0.7810136079788208,0.1445406675338745
210,0.027216777205467224,0.7797362804412842,0.14555156230926514
211,0.026769112795591354,0.7791386842727661,0.14575815200805664
212,0.026474017649888992,0.7800865173339844,0.14496475458145142
213,0.026320232078433037,0.7812347412109375,0.14417129755020142
214,0.02664857730269432,0.7800205945968628,0.14499807357788086
215,0.02669006772339344,0.776542067527771,0.14751332998275757
216,0.026301413774490356,0.7776244282722473,0.14696526527404785
217,0.026019584387540817,0.7794701457023621,0.1455296277999878
218,0.026543546468019485,0.7791337370872498,0.14542216062545776
219,0.026276543736457825,0.7762563228607178,0.14726096391677856
220,0.025822382420301437,0.7774196863174438,0.14697837829589844
221,0.02574731595814228,0.7800225019454956,0.14563709497451782
222,0.02597992680966854,0.7804362773895264,0.14510345458984375
223,0.026159752160310745,0.7785850167274475,0.1457234025001526
224,0.02572440169751644,0.7774400115013123,0.14627516269683838
225,0.025564389303326607,0.7807774543762207,0.14445525407791138
226,0.025367941707372665,0.7811377644538879,0.14468014240264893
227,0.025688329711556435,0.7801263928413391,0.1453382968902588
228,0.025574592873454094,0.7786063551902771,0.145943284034729
229,0.025851642712950706,0.7813810110092163,0.14406818151474
230,0.024971188977360725,0.7820733785629272,0.1437559723854065
231,0.02571769990026951,0.7806485891342163,0.1448795199394226
232,0.025163622573018074,0.7777320146560669,0.1468437910079956
233,0.02575918287038803,0.7805806994438171,0.14481282234191895
234,0.025030290707945824,0.7820045948028564,0.14372891187667847
235,0.025041833519935608,0.7811979651451111,0.1440054178237915
236,0.024909231811761856,0.7785952687263489,0.14576929807662964
237,0.025127694010734558,0.7778189778327942,0.14646321535110474
238,0.0245850570499897,0.7789020538330078,0.14605581760406494
239,0.02472359873354435,0.7793701887130737,0.14555126428604126
240,0.024858383461833,0.7796729207038879,0.14495015144348145
241,0.025089042261242867,0.7793879508972168,0.14499998092651367
242,0.024845000356435776,0.7813361287117004,0.1439218521118164
243,0.024806855246424675,0.781326949596405,0.14435118436813354
244,0.02508869208395481,0.7791470289230347,0.14601683616638184
245,0.024702968075871468,0.7775627374649048,0.14685016870498657
246,0.024792000651359558,0.7793709635734558,0.14523816108703613
247,0.024604251608252525,0.7823825478553772,0.14309364557266235
248,0.024590007960796356,0.783184289932251,0.14267641305923462
249,0.024602631106972694,0.7818737626075745,0.1437113881111145
250,0.024324137717485428,0.7797841429710388,0.1454012393951416
251,0.0247015543282032,0.7795544266700745,0.1458221673965454
252,0.02432919666171074,0.780377209186554,0.14525330066680908
253,0.024111831560730934,0.7811550498008728,0.14441663026809692
254,0.02438492141664028,0.7815046906471252,0.1438692808151245
255,0.024351704865694046,0.7806163430213928,0.1443098783493042
256,0.024272574111819267,0.7793408036231995,0.14509046077728271
257,0.023886866867542267,0.7795763611793518,0.1450892686843872
258,0.023891642689704895,0.7803389430046082,0.14478498697280884
259,0.024127498269081116,0.7809686660766602,0.144375741481781
260,0.024040164425969124,0.7809796333312988,0.14411938190460205
261,0.023538509383797646,0.7800787687301636,0.14448511600494385
262,0.02390855737030506,0.7788898348808289,0.14519798755645752
263,0.024066420271992683,0.7781857848167419,0.1457388997077942
264,0.024303119629621506,0.7785441279411316,0.1456432342529297
265,0.023557521402835846,0.7785274386405945,0.14595818519592285
266,0.02405552566051483,0.7788070440292358,0.14577192068099976
267,0.023857083171606064,0.7794139981269836,0.14528822898864746
268,0.023691799491643906,0.7806495428085327,0.14448010921478271
269,0.0238703191280365,0.7804592847824097,0.14468246698379517
270,0.02373586781322956,0.7796440124511719,0.1452617049217224
271,0.023283688351511955,0.7782601118087769,0.14614802598953247
272,0.023541230708360672,0.7784406542778015,0.1459362506866455
273,0.02381487935781479,0.7797338366508484,0.14492154121398926
274,0.023023806512355804,0.7803421020507812,0.1443551778793335
275,0.023124096915125847,0.7803675532341003,0.14435386657714844
276,0.023485232144594193,0.779506504535675,0.1451282501220703
277,0.023212021216750145,0.7784212827682495,0.14602762460708618
278,0.02347060665488243,0.7785451412200928,0.1461787223815918
279,0.023179564625024796,0.7793905735015869,0.14560383558273315
280,0.023189522325992584,0.7797561883926392,0.14529287815093994
281,0.023187728598713875,0.7790717482566833,0.14556258916854858
282,0.02331412583589554,0.7776952385902405,0.1462758183479309
283,0.023173654451966286,0.7773874998092651,0.14635467529296875
284,0.02316923439502716,0.77846360206604,0.14569443464279175
285,0.023083701729774475,0.7794470191001892,0.1451246738433838
286,0.023031512275338173,0.7796151041984558,0.1450730562210083
287,0.023059139028191566,0.7793705463409424,0.1452648639678955
288,0.02319440059363842,0.7790083885192871,0.14557969570159912
289,0.022820111364126205,0.7786814570426941,0.14577966928482056
290,0.02252734638750553,0.7783915400505066,0.1460096836090088
291,0.02258908934891224,0.7780643105506897,0.1462475061416626
292,0.022995006293058395,0.7782073020935059,0.1461588740348816
293,0.022758880630135536,0.7790691256523132,0.1456305980682373
294,0.022699307650327682,0.7803143858909607,0.14479398727416992
295,0.02223576419055462,0.7809838056564331,0.14430493116378784
296,0.022769415751099586,0.7805556058883667,0.1445367932319641
297,0.022699231281876564,0.7791147232055664,0.1454256772994995
298,0.022115888074040413,0.7782809734344482,0.14608317613601685
299,0.02251436747610569,0.778843104839325,0.14593350887298584
300,0.0221721064299345,0.7800039649009705,0.1454058289527893
301,0.022724971175193787,0.7805566787719727,0.1450468897819519
302,0.022187771275639534,0.7806612253189087,0.1447848081588745
303,0.022565064951777458,0.7801564335823059,0.14481335878372192
304,0.02253607288002968,0.7792721390724182,0.14530664682388306
305,0.022332696244120598,0.7793851494789124,0.1452229619026184
306,0.02276821993291378,0.7797636389732361,0.14503657817840576
307,0.022328859195113182,0.780012309551239,0.14502710103988647
308,0.022448841482400894,0.7796027064323425,0.1453285813331604
309,0.022213654592633247,0.7790635228157043,0.14568811655044556
310,0.022756077349185944,0.7787426710128784,0.1458384394645691
311,0.022553564980626106,0.7785902619361877,0.1459212303161621
312,0.021935421973466873,0.7788131833076477,0.14576613903045654
313,0.022105470299720764,0.7794516682624817,0.14532911777496338
314,0.022440945729613304,0.7797593474388123,0.1451151967048645
315,0.022217480465769768,0.7796300649642944,0.14518553018569946
316,0.022053254768252373,0.7796040773391724,0.14521390199661255
317,0.021947825327515602,0.7790881991386414,0.14562636613845825
318,0.02198023349046707,0.7787501215934753,0.14589422941207886
319,0.022252431139349937,0.7786883115768433,0.14607501029968262
320,0.022165043279528618,0.7784548401832581,0.14624905586242676
321,0.022260332480072975,0.7778605818748474,0.14659029245376587
322,0.022018542513251305,0.7779321074485779,0.14640915393829346
323,0.021939581260085106,0.7785205245018005,0.1459084153175354
324,0.022065943107008934,0.7788978815078735,0.14563268423080444
325,0.022010665386915207,0.7791232466697693,0.14542901515960693
326,0.021726511418819427,0.7787182331085205,0.14569443464279175
327,0.02191130630671978,0.7783097624778748,0.14597457647323608
328,0.021950246766209602,0.7779016494750977,0.1462504267692566
329,0.022057708352804184,0.7781491875648499,0.14608436822891235
330,0.022148778662085533,0.7793175578117371,0.1453058123588562
331,0.022321349009871483,0.7799838781356812,0.1449824571609497
332,0.021586088463664055,0.7798255085945129,0.14522415399551392
333,0.02220088243484497,0.7795036435127258,0.14548611640930176
334,0.02179807797074318,0.77866131067276,0.1459890604019165
335,0.02177606336772442,0.7783185243606567,0.14612048864364624
336,0.021694397553801537,0.7787503004074097,0.14577174186706543
337,0.021743405610322952,0.7793177962303162,0.14527493715286255
338,0.021697666496038437,0.7794831991195679,0.14502716064453125
339,0.02170451171696186,0.7795177102088928,0.14492487907409668
340,0.021405845880508423,0.7792350649833679,0.1451331377029419
341,0.021975990384817123,0.7785638570785522,0.1456238031387329
342,0.021357150748372078,0.778318464756012,0.1458989977836609
343,0.021562304347753525,0.7787014245986938,0.1458161473274231
344,0.021725716069340706,0.7790551781654358,0.14574754238128662
345,0.021372754126787186,0.779046356678009,0.14572811126708984
346,0.021697325631976128,0.7786728143692017,0.1458451747894287
347,0.021833207458257675,0.7782027125358582,0.1460130214691162
348,0.021675586700439453,0.7778440117835999,0.14616096019744873
349,0.02114538475871086,0.77785724401474,0.1461755633354187
350,0.021583938971161842,0.77810138463974,0.14605993032455444
351,0.021706009283661842,0.7783800363540649,0.1460179090499878
352,0.021620428189635277,0.7786971926689148,0.1459500789642334
353,0.021389154717326164,0.7785600423812866,0.14607369899749756
354,0.02191702462732792,0.7784767746925354,0.14605391025543213
355,0.021420832723379135,0.7785941362380981,0.14587050676345825
356,0.021469201892614365,0.7786229848861694,0.14570826292037964
357,0.021159788593649864,0.7787784337997437,0.14554595947265625
358,0.021379254758358,0.7791671752929688,0.14530599117279053
359,0.021421682089567184,0.7793682217597961,0.14526039361953735
360,0.021396582946181297,0.7794012427330017,0.14538198709487915
361,0.02093292772769928,0.7791780829429626,0.14568620920181274
362,0.021679691970348358,0.7786973118782043,0.14605116844177246
363,0.02099464274942875,0.7784545421600342,0.1461498737335205
364,0.021593088284134865,0.7784214615821838,0.14610129594802856
365,0.02168889157474041,0.7785812616348267,0.14593952894210815
366,0.02140689082443714,0.7789416909217834,0.145624577999115
367,0.021120913326740265,0.7792530655860901,0.14537978172302246
368,0.021403027698397636,0.7793585658073425,0.14525550603866577
369,0.021217474713921547,0.7795357704162598,0.14508086442947388
370,0.020984094589948654,0.7794076800346375,0.14514827728271484
371,0.021264683455228806,0.7789958119392395,0.14539802074432373
372,0.02163071557879448,0.7786834836006165,0.14565443992614746
373,0.02095251902937889,0.7786556482315063,0.14569658041000366
374,0.02136879228055477,0.778988778591156,0.1455058455467224
375,0.021137461066246033,0.7791527509689331,0.145429790019989
376,0.02104209177196026,0.7792355418205261,0.14542382955551147
377,0.021262597292661667,0.7792350053787231,0.14546090364456177
378,0.02099721133708954,0.7792903780937195,0.1454324722290039
379,0.02126947045326233,0.779374361038208,0.14535725116729736
380,0.02129126526415348,0.7795242071151733,0.14524370431900024
381,0.02131824381649494,0.7796510457992554,0.14518845081329346
382,0.021572409197688103,0.779715359210968,0.1451871395111084
383,0.021378405392169952,0.7798594236373901,0.1451147198677063
384,0.020987072959542274,0.7798238396644592,0.14517951011657715
385,0.020793583244085312,0.7795872092247009,0.14536118507385254
386,0.020945314317941666,0.7793808579444885,0.1455278992652893
387,0.021235018968582153,0.7792693972587585,0.14563679695129395
388,0.021371955052018166,0.7792510986328125,0.1456618309020996
389,0.021514486521482468,0.7794218063354492,0.14548301696777344
390,0.02065782994031906,0.7795791625976562,0.14527451992034912
391,0.0214398093521595,0.7795950174331665,0.1451999545097351
392,0.020929967984557152,0.7796730399131775,0.14508384466171265
393,0.02095632255077362,0.7796071171760559,0.14506274461746216
394,0.020811449736356735,0.7795059084892273,0.14508908987045288
395,0.021149665117263794,0.7794064879417419,0.14514899253845215
396,0.020618785172700882,0.7792057991027832,0.14528298377990723
397,0.020972194150090218,0.7790982723236084,0.1453857421875
398,0.02065516822040081,0.7790619730949402,0.1454542875289917
399,0.020929817110300064,0.7791856527328491,0.14542466402053833
400,0.020853761583566666,0.7791986465454102,0.1454600691795349
401,0.02076542191207409,0.7792779207229614,0.145452618598938
402,0.02115475758910179,0.7792736291885376,0.14545583724975586
403,0.020790720358490944,0.7791478037834167,0.14551424980163574
404,0.02053706906735897,0.77897047996521,0.14557820558547974
405,0.020713724195957184,0.7789417505264282,0.14557141065597534
406,0.021229593083262444,0.7790245413780212,0.14549249410629272
407,0.020601477473974228,0.7790169715881348,0.14550137519836426
408,0.021100563928484917,0.7790862917900085,0.14550697803497314
409,0.02116924524307251,0.7792336940765381,0.14546698331832886
410,0.02056785859167576,0.7792292237281799,0.14554232358932495
411,0.020978020504117012,0.7791687250137329,0.1456344723701477
412,0.020448267459869385,0.7791025042533875,0.14571279287338257
413,0.020685521885752678,0.7790056467056274,0.14578115940093994
414,0.020646169781684875,0.7788286805152893,0.1458997130393982
415,0.02083040401339531,0.7786799669265747,0.145973801612854
416,0.020952632650732994,0.7786192893981934,0.14596283435821533
417,0.020673289895057678,0.7786625623703003,0.14589565992355347
418,0.020924916490912437,0.778712809085846,0.14581435918807983
419,0.020994124934077263,0.7788096070289612,0.14569389820098877
420,0.02064674347639084,0.7789654731750488,0.14558422565460205
421,0.020805029198527336,0.7791500687599182,0.14546358585357666
422,0.02079383283853531,0.7793224453926086,0.14534372091293335
423,0.020912552252411842,0.7794979214668274,0.14523082971572876
424,0.020688839256763458,0.7796069979667664,0.14514780044555664
425,0.02115452289581299,0.7796642780303955,0.1451011300086975
426,0.02080449089407921,0.7796014547348022,0.1451427936553955
427,0.020711390301585197,0.7794880867004395,0.14521461725234985
428,0.02083023451268673,0.7793510556221008,0.145313560962677
429,0.02111445926129818,0.7792229056358337,0.14539921283721924
430,0.020802494138479233,0.7789873480796814,0.1455669403076172
431,0.02066034823656082,0.7788566946983337,0.14566397666931152
432,0.020534109324216843,0.7787554264068604,0.14575344324111938
433,0.02062569372355938,0.7786425948143005,0.14585542678833008
434,0.020904265344142914,0.7785933017730713,0.1459132432937622
435,0.02120297960937023,0.7785640954971313,0.14596039056777954
436,0.020494837313890457,0.7785905003547668,0.1459827423095703
437,0.020570851862430573,0.778641939163208,0.14596742391586304
438,0.02068769745528698,0.7787113785743713,0.14593297243118286
439,0.02071484364569187,0.7788158655166626,0.14587509632110596
440,0.02072078175842762,0.7788796424865723,0.1458377242088318
441,0.02081771194934845,0.7789421677589417,0.1457788348197937
442,0.020890748128294945,0.7789589762687683,0.14575546979904175
443,0.020603058859705925,0.778962254524231,0.14575040340423584
444,0.020683899521827698,0.7789115309715271,0.14577549695968628
445,0.020722772926092148,0.7788334488868713,0.145827054977417
446,0.021187154576182365,0.7788037657737732,0.1458439826965332
447,0.02054988220334053,0.7788470983505249,0.1458052396774292
448,0.02055782452225685,0.7788634300231934,0.1457885503768921
449,0.020788036286830902,0.7789307236671448,0.14573681354522705
450,0.02088109962642193,0.7789912223815918,0.14569634199142456
451,0.0209000613540411,0.7790147662162781,0.14568543434143066
452,0.02078723907470703,0.7790292501449585,0.14567965269088745
453,0.020832130685448647,0.7789803147315979,0.14571064710617065
454,0.020775185897946358,0.7789397239685059,0.14573580026626587
455,0.0206362996250391,0.7788655161857605,0.14578330516815186
456,0.020645298063755035,0.7788109183311462,0.1458154320716858
457,0.020426446571946144,0.7787690758705139,0.1458396315574646
458,0.02017412893474102,0.7787185907363892,0.1458679437637329
459,0.020627714693546295,0.7786881327629089,0.1458781361579895
460,0.02046317420899868,0.7786728739738464,0.14587438106536865
461,0.020681587979197502,0.7786716818809509,0.1458578109741211
462,0.020327823236584663,0.7786703109741211,0.14584976434707642
463,0.02037276327610016,0.7786974310874939,0.14582771062850952
464,0.02054658904671669,0.7787418961524963,0.14579683542251587
465,0.02080964483320713,0.778792142868042,0.1457616686820984
466,0.020398782566189766,0.7788487076759338,0.1457219123840332
467,0.02085782028734684,0.7789169549942017,0.1456713080406189
468,0.020759856328368187,0.778983473777771,0.14562296867370605
469,0.020540693774819374,0.779034435749054,0.14558476209640503
470,0.020761387422680855,0.7791011929512024,0.14553898572921753
471,0.02022572234272957,0.7791392207145691,0.1455148458480835
472,0.02046886831521988,0.7791715264320374,0.14549267292022705
473,0.020488575100898743,0.7791908979415894,0.1454756259918213
474,0.020647302269935608,0.7791985273361206,0.14546942710876465
475,0.02028488926589489,0.7791880369186401,0.14547598361968994
476,0.0204913467168808,0.7791877388954163,0.14547830820083618
477,0.020180515944957733,0.7791865468025208,0.14548134803771973
478,0.020786643028259277,0.7791742086410522,0.14549285173416138
479,0.0205500740557909,0.7791886329650879,0.14548683166503906
480,0.020640213042497635,0.7791931629180908,0.14548379182815552
481,0.02082405611872673,0.7792094349861145,0.14547139406204224
482,0.020268859341740608,0.779209315776825,0.14546668529510498
483,0.020472848787903786,0.7792105078697205,0.14546096324920654
484,0.02066030167043209,0.7792176604270935,0.14545297622680664
485,0.020679878070950508,0.7792184352874756,0.14544934034347534
486,0.020901449024677277,0.779232919216156,0.1454365849494934
487,0.02045263722538948,0.7792510390281677,0.14542090892791748
488,0.020832207053899765,0.7792556881904602,0.14541327953338623
489,0.020994922146201134,0.7792543768882751,0.14541006088256836
490,0.020719189196825027,0.7792506217956543,0.14540940523147583
491,0.020271161571145058,0.7792336940765381,0.14542025327682495
492,0.020291700959205627,0.7792298793792725,0.1454254388809204
493,0.020212864503264427,0.7792119979858398,0.14543962478637695
494,0.020549248903989792,0.779202938079834,0.1454477310180664
495,0.020684873685240746,0.7791935801506042,0.1454572081565857
496,0.02055564895272255,0.7792007327079773,0.1454545259475708
497,0.020630937069654465,0.7792096734046936,0.14544814825057983
498,0.020527252927422523,0.7792003154754639,0.145452618598938
499,0.020989643409848213,0.7791840434074402,0.1454622745513916
