Dataset,Mixture1,Mixture2,len1,len2,Experimental,PredictedDistance,GeoMeanLen
Ravia 4,1,11,24,30,0.75,0.40235722064971924,26.832815729997478
Ravia 4,2,12,14,17,0.589285714,0.5859671831130981,15.427248620541512
Ravia 4,3,13,13,21,0.5,0.46279141306877136,16.522711641858304
Ravia 4,4,14,17,29,0.5,0.3454909920692444,22.20360331117452
Ravia 4,5,15,28,14,0.660714286,0.39071232080459595,19.79898987322333
Ravia 4,6,16,17,17,0.517857143,0.4159044623374939,17.0
Ravia 4,7,17,21,23,0.428571429,0.3900958299636841,21.97726097583591
Ravia 4,8,18,25,26,0.482142857,0.41933709383010864,25.495097567963924
Ravia 4,9,19,20,30,0.375,0.31913599371910095,24.49489742783178
Ravia 4,10,20,13,30,0.75,0.5630990266799927,19.748417658131498
Ravia 4,21,31,24,18,0.589285714,0.3976181745529175,20.784609690826528
Ravia 4,22,32,16,27,0.910714286,0.312226802110672,20.784609690826528
Ravia 4,23,33,19,19,0.482142857,0.27710413932800293,19.0
Ravia 4,24,34,10,14,0.732142857,0.3793523609638214,11.832159566199232
Ravia 4,25,35,16,30,0.464285714,0.4936150312423706,21.908902300206645
Ravia 4,26,36,14,10,0.714285714,0.5718290209770203,11.832159566199232
Ravia 4,27,37,29,13,0.5,0.3524508774280548,19.4164878389476
Ravia 4,28,38,20,26,0.607142857,0.3829614818096161,22.80350850198276
Ravia 4,29,39,25,21,0.589285714,0.2728554308414459,22.9128784747792
Ravia 4,30,40,14,21,0.910714286,0.3595234453678131,17.146428199482248
Ravia 4,41,51,26,28,0.354166667,0.4097593426704407,26.981475126464083
Ravia 4,42,52,28,11,0.5,0.46923309564590454,17.549928774784245
Ravia 4,43,53,30,28,0.395833333,0.2886531352996826,28.982753492378876
Ravia 4,44,54,28,30,0.395833333,0.2526191473007202,28.982753492378876
Ravia 4,45,55,29,21,0.354166667,0.18789345026016235,24.677925358506133
Ravia 4,46,56,11,28,0.520833333,0.46923306584358215,17.549928774784245
Ravia 4,47,57,25,19,0.5,0.3024477958679199,21.79449471770337
Ravia 4,48,58,19,16,0.354166667,0.40441131591796875,17.435595774162696
Ravia 4,49,59,11,14,0.3125,0.28516629338264465,12.409673645990857
Ravia 4,50,60,26,27,0.395833333,0.3123968243598938,26.49528259898354
Ravia 4,61,71,29,11,0.666666667,0.41920360922813416,17.86057109949175
Ravia 4,62,72,22,20,0.541666667,0.265929639339447,20.97617696340303
Ravia 4,63,73,17,29,0.604166667,0.3245999217033386,22.20360331117452
Ravia 4,64,74,30,18,0.458333333,0.3102594316005707,23.2379000772445
Ravia 4,65,75,13,14,0.645833333,0.541493833065033,13.490737563232042
Ravia 4,66,76,22,10,0.729166667,0.46648967266082764,14.832396974191326
Ravia 4,67,77,11,11,0.645833333,0.5913033485412598,11.0
Ravia 4,68,78,29,19,0.666666667,0.4025295674800873,23.473389188611005
Ravia 4,69,79,10,11,0.604166667,0.5597478747367859,10.488088481701515
Ravia 4,70,80,13,11,0.770833333,0.3686288893222809,11.958260743101398
Ravia 4,81,91,19,20,0.4375,0.3467366695404053,19.493588689617926
Ravia 4,82,92,26,23,0.359375,0.22585877776145935,24.454038521274967
Ravia 4,83,93,12,16,0.46875,0.5380107760429382,13.856406460551018
Ravia 4,84,94,24,28,0.46875,0.2708885669708252,25.92296279363144
Ravia 4,85,95,17,14,0.671875,0.42963147163391113,15.427248620541512
Ravia 4,86,96,29,30,0.40625,0.18460562825202942,29.49576240750525
Ravia 4,87,97,29,26,0.390625,0.309835821390152,27.459060435491963
Ravia 4,88,98,13,15,0.421875,0.2643781304359436,13.96424004376894
Ravia 4,89,99,23,26,0.421875,0.22585880756378174,24.454038521274967
Ravia 4,90,100,13,18,0.46875,0.2666935920715332,15.297058540778355
Ravia 1,1,1,4,4,0.108636364,5.245076408755267e-07,4.0
Ravia 1,1,2,4,4,0.719545455,0.4824829697608948,4.0
Ravia 1,1,3,4,5,0.615227273,0.511521577835083,4.47213595499958
Ravia 1,1,4,4,5,0.779090909,0.6213522553443909,4.47213595499958
Ravia 1,1,5,4,6,0.409545454,0.4281708002090454,4.898979485566356
Ravia 1,1,6,4,6,0.745454546,0.3820739984512329,4.898979485566356
Ravia 1,1,8,4,7,0.551590909,0.5732280611991882,5.291502622129181
Ravia 1,1,9,4,8,0.647727273,0.5399061441421509,5.656854249492381
Ravia 1,1,10,4,8,0.643409091,0.4265590012073517,5.656854249492381
Ravia 1,1,11,4,9,0.689772727,0.5161383152008057,6.0
Ravia 1,2,2,4,4,0.129772727,5.212486939853989e-07,4.0
Ravia 1,2,4,4,5,0.394090909,0.4685984253883362,4.47213595499958
Ravia 1,2,5,4,6,0.59,0.6008036136627197,4.898979485566356
Ravia 1,2,7,4,7,0.348181818,0.311659038066864,5.291502622129181
Ravia 1,2,8,4,7,0.497954546,0.330217570066452,5.291502622129181
Ravia 1,2,10,4,8,0.703409091,0.5033137798309326,5.656854249492381
Ravia 1,2,12,4,9,0.745909091,0.42807188630104065,6.0
Ravia 1,2,13,4,10,0.422272727,0.4272732734680176,6.324555320336759
Ravia 1,2,14,4,10,0.395,0.35395053029060364,6.324555320336759
Ravia 1,3,2,5,4,0.533409091,0.33145272731781006,4.47213595499958
Ravia 1,3,5,5,6,0.4725,0.5349429845809937,5.477225575051661
Ravia 1,3,7,5,7,0.535909091,0.39825308322906494,5.916079783099616
Ravia 1,3,8,5,7,0.485681818,0.4391508102416992,5.916079783099616
Ravia 1,3,9,5,8,0.5075,0.3937181830406189,6.324555320336759
Ravia 1,3,10,5,8,0.649545455,0.42977577447891235,6.324555320336759
Ravia 1,3,11,5,9,0.504318182,0.35429346561431885,6.708203932499369
Ravia 1,3,13,5,10,0.396363636,0.4005197286605835,7.0710678118654755
Ravia 1,4,3,5,5,0.5725,0.5370063781738281,5.0
Ravia 1,4,5,5,6,0.668409091,0.6267094016075134,5.477225575051661
Ravia 1,4,6,5,6,0.792727273,0.7375565767288208,5.477225575051661
Ravia 1,4,8,5,7,0.513181818,0.44023701548576355,5.916079783099616
Ravia 1,4,9,5,8,0.547954546,0.39895886182785034,6.324555320336759
Ravia 1,4,10,5,8,0.650227273,0.7038382291793823,6.324555320336759
Ravia 1,4,12,5,9,0.6675,0.5046094655990601,6.708203932499369
Ravia 1,4,13,5,10,0.569772727,0.5623656511306763,7.0710678118654755
Ravia 1,5,7,6,7,0.595681818,0.6049361228942871,6.48074069840786
Ravia 1,5,8,6,7,0.573636364,0.5392826795578003,6.48074069840786
Ravia 1,5,9,6,8,0.625681818,0.63441002368927,6.928203230275509
Ravia 1,5,10,6,8,0.5875,0.525619387626648,6.928203230275509
Ravia 1,5,11,6,9,0.685,0.5769401788711548,7.3484692283495345
Ravia 1,5,14,6,10,0.530227273,0.5618741512298584,7.745966692414834
Ravia 1,6,2,6,4,0.833409091,0.6924828290939331,4.898979485566356
Ravia 1,6,3,6,5,0.713636364,0.6430554389953613,5.477225575051661
Ravia 1,6,5,6,6,0.722045455,0.5545947551727295,6.0
Ravia 1,6,7,6,7,0.837272727,0.6373969316482544,6.48074069840786
Ravia 1,6,10,6,8,0.629318182,0.5543168783187866,6.928203230275509
Ravia 1,6,11,6,9,0.849545455,0.6686262488365173,7.3484692283495345
Ravia 1,6,12,6,9,0.635227273,0.595090925693512,7.3484692283495345
Ravia 1,6,13,6,10,0.818863636,0.5891520977020264,7.745966692414834
Ravia 1,7,1,7,4,0.700909091,0.5945656299591064,5.291502622129181
Ravia 1,7,4,7,5,0.530681818,0.5703944563865662,5.916079783099616
Ravia 1,7,8,7,7,0.436818182,0.3918227255344391,7.0
Ravia 1,7,9,7,8,0.477954546,0.39194267988204956,7.483314773547883
Ravia 1,7,10,7,8,0.668181818,0.4406679570674896,7.483314773547883
Ravia 1,7,11,7,9,0.332954546,0.3454052209854126,7.937253933193772
Ravia 1,7,12,7,9,0.684090909,0.3865728974342346,7.937253933193772
Ravia 1,7,14,7,10,0.433409091,0.28873124718666077,8.366600265340756
Ravia 1,8,6,7,6,0.798181818,0.6791582107543945,6.48074069840786
Ravia 1,8,10,7,8,0.625227273,0.5114604234695435,7.483314773547883
Ravia 1,8,11,7,9,0.533181818,0.3871017098426819,7.937253933193772
Ravia 1,8,12,7,9,0.628181818,0.4616737961769104,7.937253933193772
Ravia 1,8,13,7,10,0.433181818,0.45712921023368835,8.366600265340756
Ravia 1,8,14,7,10,0.427045455,0.46294549107551575,8.366600265340756
Ravia 1,9,2,8,4,0.415227273,0.33260175585746765,5.656854249492381
Ravia 1,9,6,8,6,0.771590909,0.69957035779953,6.928203230275509
Ravia 1,9,8,8,7,0.520909091,0.48793867230415344,7.483314773547883
Ravia 1,9,11,8,9,0.546590909,0.4114167094230652,8.48528137423857
Ravia 1,9,12,8,9,0.736818182,0.44427356123924255,8.48528137423857
Ravia 1,9,13,8,10,0.555681818,0.42570602893829346,8.94427190999916
Ravia 1,9,14,8,10,0.2275,0.19702070951461792,8.94427190999916
Ravia 1,10,9,8,8,0.585909091,0.5048443078994751,8.0
Ravia 1,10,11,8,9,0.6425,0.5231756567955017,8.48528137423857
Ravia 1,10,14,8,10,0.6675,0.4133928120136261,8.94427190999916
Ravia 1,11,2,9,4,0.453636364,0.28744739294052124,6.0
Ravia 1,11,4,9,5,0.630909091,0.4198916554450989,6.708203932499369
Ravia 1,11,12,9,9,0.737727273,0.2646414637565613,9.0
Ravia 1,11,13,9,10,0.275909091,0.3215075731277466,9.486832980505138
Ravia 1,11,14,9,10,0.464545454,0.4368707537651062,9.486832980505138
Ravia 1,12,1,9,4,0.675909091,0.5914397239685059,6.0
Ravia 1,12,3,9,5,0.613181818,0.3779914379119873,6.708203932499369
Ravia 1,12,5,9,6,0.647045455,0.5863571166992188,7.3484692283495345
Ravia 1,12,10,9,8,0.306136364,0.5110670328140259,8.48528137423857
Ravia 1,13,1,10,4,0.679545454,0.6102602481842041,6.324555320336759
Ravia 1,13,5,10,6,0.676590909,0.5118489265441895,7.745966692414834
Ravia 1,13,7,10,7,0.387045455,0.2748432755470276,8.366600265340756
Ravia 1,13,10,10,8,0.691136364,0.45688292384147644,8.94427190999916
Ravia 1,13,12,10,9,0.674772727,0.2425653040409088,9.486832980505138
Ravia 1,13,13,10,10,0.255454546,2.294382284162566e-07,10.0
Ravia 1,13,14,10,10,0.5,0.332854688167572,10.0
Ravia 1,14,1,10,4,0.610227273,0.5016651153564453,6.324555320336759
Ravia 1,14,3,10,5,0.531136364,0.3765500783920288,7.0710678118654755
Ravia 1,14,4,10,5,0.498409091,0.4837958812713623,7.0710678118654755
Ravia 1,14,6,10,6,0.803409091,0.6294524669647217,7.745966692414834
Ravia 1,14,12,10,9,0.652272727,0.43673771619796753,9.486832980505138
Ravia 1,14,14,10,10,0.174545454,9.379438097312232e-07,10.0
Ravia 2,1,1,4,4,0.1365,0.0,4.0
Ravia 2,1,2,4,4,0.6364,0.6344850063323975,4.0
Ravia 2,1,3,4,5,0.6654,0.4007076621055603,4.47213595499958
Ravia 2,1,4,4,5,0.2768,0.30147841572761536,4.47213595499958
Ravia 2,1,5,4,6,0.6213,0.3717670142650604,4.898979485566356
Ravia 2,1,6,4,6,0.4639,0.45187482237815857,4.898979485566356
Ravia 2,1,8,4,7,0.644,0.540123701095581,5.291502622129181
Ravia 2,1,9,4,8,0.5792,0.4683743119239807,5.656854249492381
Ravia 2,1,10,4,8,0.6726,0.44772619009017944,5.656854249492381
Ravia 2,1,11,4,9,0.5905,0.4121032953262329,6.0
Ravia 2,2,2,4,4,0.1123,2.2090671336627565e-07,4.0
Ravia 2,2,4,4,5,0.6731,0.6527150869369507,4.47213595499958
Ravia 2,2,5,4,6,0.7491,0.6117741465568542,4.898979485566356
Ravia 2,2,7,4,7,0.7304,0.6163061857223511,5.291502622129181
Ravia 2,2,8,4,7,0.6205,0.7151410579681396,5.291502622129181
Ravia 2,2,10,4,8,0.7725,0.7047922611236572,5.656854249492381
Ravia 2,2,12,4,9,0.8059,0.5506700277328491,6.0
Ravia 2,2,13,4,10,0.8229,0.6220752596855164,6.324555320336759
Ravia 2,2,14,4,10,0.6833,0.6314125061035156,6.324555320336759
Ravia 2,3,2,5,4,0.6769,0.5417044162750244,4.47213595499958
Ravia 2,3,3,5,5,0.1098,9.588779903424438e-08,5.0
Ravia 2,3,5,5,6,0.4322,0.23189638555049896,5.477225575051661
Ravia 2,3,7,5,7,0.3855,0.2572803199291229,5.916079783099616
Ravia 2,3,8,5,7,0.4696,0.5224902629852295,5.916079783099616
Ravia 2,3,9,5,8,0.5183,0.32795703411102295,6.324555320336759
Ravia 2,3,10,5,8,0.5519,0.5997664928436279,6.324555320336759
Ravia 2,3,11,5,9,0.4607,0.26171016693115234,6.708203932499369
Ravia 2,3,13,5,10,0.4467,0.3169778287410736,7.0710678118654755
Ravia 2,4,3,5,5,0.6791,0.41183799505233765,5.0
Ravia 2,4,4,5,5,0.1159,7.996034128154861e-07,5.0
Ravia 2,4,5,5,6,0.7286,0.38167163729667664,5.477225575051661
Ravia 2,4,6,5,6,0.6529,0.48139724135398865,5.477225575051661
Ravia 2,4,8,5,7,0.6542,0.47126907110214233,5.916079783099616
Ravia 2,4,9,5,8,0.6743,0.4727996587753296,6.324555320336759
Ravia 2,4,10,5,8,0.7128,0.4663635194301605,6.324555320336759
Ravia 2,4,12,5,9,0.8327,0.4249078631401062,6.708203932499369
Ravia 2,4,13,5,10,0.7573,0.48347580432891846,7.0710678118654755
Ravia 2,5,7,6,7,0.3867,0.15404339134693146,6.48074069840786
Ravia 2,5,8,6,7,0.4579,0.46131476759910583,6.48074069840786
Ravia 2,5,9,6,8,0.6734,0.28845837712287903,6.928203230275509
Ravia 2,5,10,6,8,0.4804,0.5655313730239868,6.928203230275509
Ravia 2,5,11,6,9,0.2273,0.24257591366767883,7.3484692283495345
Ravia 2,5,14,6,10,0.572,0.5410501956939697,7.745966692414834
Ravia 2,6,2,6,4,0.4817,0.42600587010383606,4.898979485566356
Ravia 2,6,3,6,5,0.6019,0.30980056524276733,5.477225575051661
Ravia 2,6,5,6,6,0.6728,0.40289396047592163,6.0
Ravia 2,6,7,6,7,0.7173,0.424873948097229,6.48074069840786
Ravia 2,6,10,6,8,0.567,0.5954633951187134,6.928203230275509
Ravia 2,6,11,6,9,0.6914,0.4083152711391449,7.3484692283495345
Ravia 2,6,12,6,9,0.694,0.30243027210235596,7.3484692283495345
Ravia 2,6,13,6,10,0.715,0.39865559339523315,7.745966692414834
Ravia 2,7,1,7,4,0.6644,0.40178561210632324,5.291502622129181
Ravia 2,7,4,7,5,0.681,0.42652371525764465,5.916079783099616
Ravia 2,7,7,7,7,0.105,8.180868462659419e-07,7.0
Ravia 2,7,8,7,7,0.1945,0.4830165505409241,7.0
Ravia 2,7,9,7,8,0.5282,0.242061585187912,7.483314773547883
Ravia 2,7,10,7,8,0.4841,0.5608828067779541,7.483314773547883
Ravia 2,7,11,7,9,0.4042,0.17419959604740143,7.937253933193772
Ravia 2,7,12,7,9,0.4857,0.4161185026168823,7.937253933193772
Ravia 2,7,14,7,10,0.5004,0.5726384520530701,8.366600265340756
Ravia 2,8,6,7,6,0.5494,0.6195548176765442,6.48074069840786
Ravia 2,8,10,7,8,0.5018,0.38837581872940063,7.483314773547883
Ravia 2,8,11,7,9,0.4342,0.46427255868911743,7.937253933193772
Ravia 2,8,12,7,9,0.5737,0.5481715202331543,7.937253933193772
Ravia 2,8,13,7,10,0.5069,0.4740457534790039,8.366600265340756
Ravia 2,8,14,7,10,0.526,0.41907355189323425,8.366600265340756
Ravia 2,9,2,8,4,0.3752,0.5395971536636353,5.656854249492381
Ravia 2,9,6,8,6,0.4898,0.3748520016670227,6.928203230275509
Ravia 2,9,8,8,7,0.4798,0.5540644526481628,7.483314773547883
Ravia 2,9,11,8,9,0.6285,0.3308101296424866,8.48528137423857
Ravia 2,9,12,8,9,0.7273,0.39361998438835144,8.48528137423857
Ravia 2,9,13,8,10,0.5903,0.2500744163990021,8.94427190999916
Ravia 2,9,14,8,10,0.5856,0.5519757866859436,8.94427190999916
Ravia 2,10,9,8,8,0.6539,0.5658104419708252,8.0
Ravia 2,10,11,8,9,0.4739,0.5507361888885498,8.48528137423857
Ravia 2,10,14,8,10,0.2889,0.29902803897857666,8.94427190999916
Ravia 2,11,2,9,4,0.7157,0.5919546484947205,6.0
Ravia 2,11,4,9,5,0.7063,0.4234195947647095,6.708203932499369
Ravia 2,11,11,9,9,0.129,2.7047417461290024e-07,9.0
Ravia 2,11,12,9,9,0.4773,0.42769938707351685,9.0
Ravia 2,11,13,9,10,0.3468,0.3173621892929077,9.486832980505138
Ravia 2,11,14,9,10,0.455,0.5552054643630981,9.486832980505138
Ravia 2,12,1,9,4,0.7618,0.3790859580039978,6.0
Ravia 2,12,3,9,5,0.5292,0.3305858373641968,6.708203932499369
Ravia 2,12,5,9,6,0.5235,0.3831337094306946,7.3484692283495345
Ravia 2,12,10,9,8,0.3837,0.4955512285232544,8.48528137423857
Ravia 2,12,12,9,9,0.1397,0.0,9.0
Ravia 2,13,1,10,4,0.7542,0.4809531569480896,6.324555320336759
Ravia 2,13,5,10,6,0.3202,0.2819348871707916,7.745966692414834
Ravia 2,13,7,10,7,0.3809,0.25146788358688354,8.366600265340756
Ravia 2,13,10,10,8,0.4985,0.5349876880645752,8.94427190999916
Ravia 2,13,12,10,9,0.3728,0.3067041337490082,9.486832980505138
Ravia 2,13,13,10,10,0.1267,1.0967721664201235e-06,10.0
Ravia 2,13,14,10,10,0.5396,0.5484106540679932,10.0
Ravia 2,14,1,10,4,0.6628,0.4779185652732849,6.324555320336759
Ravia 2,14,3,10,5,0.5667,0.6013144850730896,7.0710678118654755
Ravia 2,14,4,10,5,0.7062,0.4507661461830139,7.0710678118654755
Ravia 2,14,6,10,6,0.5375,0.558763861656189,7.745966692414834
Ravia 2,14,12,10,9,0.5134,0.5082966089248657,9.486832980505138
Ravia 2,14,14,10,10,0.1778,1.4611055121349636e-07,10.0
