Mixture_Label,smi_0,smi_1,smi_2,smi_3,smi_4,smi_5,smi_6,smi_7,smi_8,smi_9
166,C=CCSSCC=C,,,,,,,,,
199,CC1CCC(=O)O1,,,,,,,,,
204,COC1=C(C=C(C=C1)CC=C)OC,,,,,,,,,
423,CC1(CCCC(N1[O])(C)C)C,,,,,,,,,
588,CC1COCC2=CC3=C(C=C12)C(C(C3(C)C)C)(C)C,,,,,,,,,
628,CC(=CCCC(C)(C=C)O)C,,,,,,,,,
715,CC1(CCCC(=O)C1)C,,,,,,,,,
788,CC(C1CCCCC1)OC(=O)C,,,,,,,,,
909,CSC(=C[N+](=O)[O-])SC,,,,,,,,,
937,CCCCCCC1CCC(=O)O1,,,,,,,,,
992,CC1=CC(=C(C=C1)C(C)C)O,,,,,,,,,
A072,CN1CCCC1,,,,,,,,,
A117,CCCC(=O)SC,,,,,,,,,
A204,CCCC(=O)OCC,,,,,,,,,
A209,CCC(=O)C(=O)C,,,,,,,,,
A244,CCCC(=O)OC,,,,,,,,,
A245,CC(C)CC(=O)O,,,,,,,,,
A246,CCCCCC=O,,,,,,,,,
A316,CC(C)CCO,,,,,,,,,
A398,CCOC(=O)CC(C)C,,,,,,,,,
A454,CC(=CCC/C(=C/C=O)/C)C,,,,,,,,,
A701,COC(=O)CCSC,,,,,,,,,
A866,CCCCCCC=O,,,,,,,,,
AA007,CC/C=C\CCCCC=O,CC1COCC2=CC3=C(C=C12)C(C(C3(C)C)C)(C)C,,,,,,,,
AA034,C=CCSSCC=C,CC(=CCCC(C)(C=C)O)C,,,,,,,,
AA085,CCOC(C)OCC,CC1(CCCC(N1[O])(C)C)C,,,,,,,,
AA088,COC1=C(C=C(C=C1)CC=C)OC,CC(C)CC=O,,,,,,,,
AA097,CC/C=C\CCCCC=O,CC(=O)C1=CC=CC=N1,,,,,,,,
AA142,C=CCSSCC=C,CC1COCC2=CC3=C(C=C12)C(C(C3(C)C)C)(C)C,,,,,,,,
AA160,CC1=CC(=C(C=C1)C(C)C)O,CCCC(=O)SC,,,,,,,,
AA162,CC/C=C\CCCCC=O,CC(=CCCC(C)(C=C)O)C,,,,,,,,
AA175,CCOC(C)OCC,CC1COCC2=CC3=C(C=C12)C(C(C3(C)C)C)(C)C,,,,,,,,
AA212,CCOC(C)OCC,CC1COCC2=CC3=C(C=C12)C(C(C3(C)C)C)(C)C,,,,,,,,
AA217,C1=COC(=C1)CSSCC2=CC=CO2,CCCCCC1CCCC(=O)O1,,,,,,,,
AA232,C1=COC(=C1)CSSCC2=CC=CO2,CC1COCC2=CC3=C(C=C12)C(C(C3(C)C)C)(C)C,,,,,,,,
AA297,CCC1=CC(=C(C=C1)O)OC,CCCCCC1CCCC(=O)O1,,,,,,,,
AA322,CCCC(=O)SC,CCCCCC1CCCC(=O)O1,,,,,,,,
AA324,CCC1=CC(=C(C=C1)O)OC,CC1(CCCC(N1[O])(C)C)C,,,,,,,,
AA332,C1=COC(=C1)CSSCC2=CC=CO2,CCCC(=O)SC,,,,,,,,
AA339,CSCCC=O,CC1COCC2=CC3=C(C=C12)C(C(C3(C)C)C)(C)C,,,,,,,,
AA368,CSC(=C[N+](=O)[O-])SC,CC1COCC2=CC3=C(C=C12)C(C(C3(C)C)C)(C)C,,,,,,,,
AA374,CSCCC=O,CC(C1CCCCC1)OC(=O)C,,,,,,,,
AA379,CCC1=CC(=C(C=C1)O)OC,CC1COCC2=CC3=C(C=C12)C(C(C3(C)C)C)(C)C,,,,,,,,
AA385,CCC1=CC(=C(C=C1)O)OC,CCCCCC1CCCC(=O)O1,,,,,,,,
AA387,CSC(=C[N+](=O)[O-])SC,CC1=CC[C@H](CC1=O)C(=C)C,,,,,,,,
AA420,CC/C=C\CCCCC=O,CC1COCC2=CC3=C(C=C12)C(C(C3(C)C)C)(C)C,,,,,,,,
AA444,CCOC(C)OCC,CC(=O)C1=CC=CC=N1,,,,,,,,
AA474,CC(C)CC=O,CCCCCC1CCCC(=O)O1,,,,,,,,
AA476,CSCCC=O,CC1CCC(=O)O1,,,,,,,,
AA495,CC(=O)C1=CC=CC=N1,CCCCCC1CCCC(=O)O1,,,,,,,,
AA513,CCCC(=O)SC,CCCCCC1CCCC(=O)O1,,,,,,,,
AA524,CCC1=CC(=C(C=C1)O)OC,CC(C)CC=O,,,,,,,,
AA592,CSCCC=O,CC1COCC2=CC3=C(C=C12)C(C(C3(C)C)C)(C)C,,,,,,,,
AA616,CC(=O)C1=CC=CC=N1,CCCCCC1CCCC(=O)O1,,,,,,,,
AA618,CCOC(C)OCC,CC1CCC(=O)O1,,,,,,,,
AA632,CSC(=C[N+](=O)[O-])SC,CC(C)CC=O,,,,,,,,
AA649,C1=COC(=C1)CSSCC2=CC=CO2,CC1COCC2=CC3=C(C=C12)C(C(C3(C)C)C)(C)C,,,,,,,,
AA700,CC/C=C\CCCCC=O,CC(C1CCCCC1)OC(=O)C,,,,,,,,
AA725,C=CCSSCC=C,CCCCCC1CCCC(=O)O1,,,,,,,,
AA808,CSCCC=O,CC(=O)C1=CC=CC=N1,,,,,,,,
AA850,C1=COC(=C1)CSSCC2=CC=CO2,CC(=CCCC(C)(C=C)O)C,,,,,,,,
AA875,CC1=CC[C@H](CC1=O)C(=C)C,CCCC(=O)SC,,,,,,,,
AA886,COC1=C(C=C(C=C1)CC=C)OC,CC1CCC(=O)O1,,,,,,,,
AA893,C=CCSSCC=C,CC(C1CCCCC1)OC(=O)C,,,,,,,,
AA944,CC1=CC(=C(C=C1)C(C)C)O,CCCCCC1CCCC(=O)O1,,,,,,,,
AA962,C=CCSSCC=C,CC1COCC2=CC3=C(C=C12)C(C(C3(C)C)C)(C)C,,,,,,,,
AA978,COC1=C(C=C(C=C1)CC=C)OC,CC1(CCCC(N1[O])(C)C)C,,,,,,,,
AA988,CC(C)CC=O,CCCCCC1CCCC(=O)O1,,,,,,,,
AB019,CC1CCC(=O)O1,CCCC(=O)SC,,,,,,,,
AB026,CC1(CCCC(N1[O])(C)C)C,CCCC(=O)SC,,,,,,,,
AB036,CC1(CCCC(N1[O])(C)C)C,CCCCCC1CCCC(=O)O1,,,,,,,,
AB144,CC(C)CC=O,CCCC(=O)SC,,,,,,,,
AB186,CC(C)CC=O,CC(=CCCC(C)(C=C)O)C,,,,,,,,
AB193,CC1COCC2=CC3=C(C=C12)C(C(C3(C)C)C)(C)C,CCCC(=O)SC,,,,,,,,
AB222,CC1COCC2=CC3=C(C=C12)C(C(C3(C)C)C)(C)C,CCCCCC1CCCC(=O)O1,,,,,,,,
AB223,CC1COCC2=CC3=C(C=C12)C(C(C3(C)C)C)(C)C,CC(=CCCC(C)(C=C)O)C,,,,,,,,
AB226,CC1COCC2=CC3=C(C=C12)C(C(C3(C)C)C)(C)C,CC(C1CCCCC1)OC(=O)C,,,,,,,,
AB281,CC1=CC[C@H](CC1=O)C(=C)C,CCCCCC1CCCC(=O)O1,,,,,,,,
AB287,CC1=CC[C@H](CC1=O)C(=C)C,CC(=CCCC(C)(C=C)O)C,,,,,,,,
AB357,CC1=CC[C@H](CC1=O)C(=C)C,CC(C1CCCCC1)OC(=O)C,,,,,,,,
AB378,CC1=CC[C@H](CC1=O)C(=C)C,CC(=O)C1=CC=CC=N1,,,,,,,,
AB379,CC1=CC(=C(C=C1)C(C)C)O,CC(=CCCC(C)(C=C)O)C,,,,,,,,
AB391,CC1=CC(=C(C=C1)C(C)C)O,CC(C1CCCCC1)OC(=O)C,,,,,,,,
AB398,CC1=CC(=C(C=C1)C(C)C)O,CC(=O)C1=CC=CC=N1,,,,,,,,
AB399,CC1=CC(=C(C=C1)C(C)C)O,CC1CCC(=O)O1,,,,,,,,
AB413,C1=COC(=C1)CSSCC2=CC=CO2,CC(C1CCCCC1)OC(=O)C,,,,,,,,
AB425,C1=COC(=C1)CSSCC2=CC=CO2,CC(=O)C1=CC=CC=N1,,,,,,,,
AB435,C1=COC(=C1)CSSCC2=CC=CO2,CC1CCC(=O)O1,,,,,,,,
AB451,C1=COC(=C1)CSSCC2=CC=CO2,CC1(CCCC(N1[O])(C)C)C,,,,,,,,
AB465,C=CCSSCC=C,CC(=O)C1=CC=CC=N1,,,,,,,,
AB486,C=CCSSCC=C,CC1CCC(=O)O1,,,,,,,,
AB518,C=CCSSCC=C,CC1(CCCC(N1[O])(C)C)C,,,,,,,,
AB567,C=CCSSCC=C,CC(C)CC=O,,,,,,,,
AB586,CC/C=C\CCCCC=O,CC1CCC(=O)O1,,,,,,,,
AB591,CC/C=C\CCCCC=O,CC1(CCCC(N1[O])(C)C)C,,,,,,,,
AB618,CC/C=C\CCCCC=O,CC(C)CC=O,,,,,,,,
AB633,CSCCC=O,CC1(CCCC(N1[O])(C)C)C,,,,,,,,
AB641,CSCCC=O,CC(C)CC=O,,,,,,,,
AB672,CSCCC=O,CC1=CC[C@H](CC1=O)C(=C)C,,,,,,,,
AB676,CCOC(C)OCC,CC(C)CC=O,,,,,,,,
AB707,CCOC(C)OCC,CC1=CC[C@H](CC1=O)C(=C)C,,,,,,,,
AB731,CCOC(C)OCC,CC1=CC(=C(C=C1)C(C)C)O,,,,,,,,
AB744,COC1=C(C=C(C=C1)CC=C)OC,CC1COCC2=CC3=C(C=C12)C(C(C3(C)C)C)(C)C,,,,,,,,
AB764,COC1=C(C=C(C=C1)CC=C)OC,CC1=CC[C@H](CC1=O)C(=C)C,,,,,,,,
AB771,COC1=C(C=C(C=C1)CC=C)OC,CC1=CC(=C(C=C1)C(C)C)O,,,,,,,,
AB817,COC1=C(C=C(C=C1)CC=C)OC,C1=COC(=C1)CSSCC2=CC=CO2,,,,,,,,
AB841,CCC1=CC(=C(C=C1)O)OC,CC1=CC[C@H](CC1=O)C(=C)C,,,,,,,,
AB873,CCC1=CC(=C(C=C1)O)OC,CC1=CC(=C(C=C1)C(C)C)O,,,,,,,,
AB920,CCC1=CC(=C(C=C1)O)OC,C1=COC(=C1)CSSCC2=CC=CO2,,,,,,,,
AB935,CCC1=CC(=C(C=C1)O)OC,C=CCSSCC=C,,,,,,,,
AB958,CSC(=C[N+](=O)[O-])SC,CC1=CC(=C(C=C1)C(C)C)O,,,,,,,,
AB981,CSC(=C[N+](=O)[O-])SC,C1=COC(=C1)CSSCC2=CC=CO2,,,,,,,,
AB988,CSC(=C[N+](=O)[O-])SC,C=CCSSCC=C,,,,,,,,
AB992,CSC(=C[N+](=O)[O-])SC,CC/C=C\CCCCC=O,,,,,,,,
AC024,CC(C)C1=CC=C(C=C1)CO,CCCCC(C)O,,,,,,,,
AC028,COC1=CC=CC=C1O,CCCCSCCCC,,,,,,,,
AC033,CC1=CC(=C(C=C1)O)OC,CC(=O)O[C@@H]1C[C@@H]2CC[C@]1(C2(C)C)C,,,,,,,,
AC040,CC(C)CC(=O)C,CCCCC(=O)OC,,,,,,,,
AC067,COC1=CC=CC=C1O,CCCCC(=O)OC,,,,,,,,
AC105,CC1=CC(=C(C=C1)O)OC,CC1CCC(C(=O)C1)C(C)(C)S,,,,,,,,
AC155,C1=CC=C(C=C1)S,CC(=O)C1=CC=CC=N1,,,,,,,,
AC214,CC(C)CC(=O)C,CC1CCC(C(=O)C1)C(C)(C)S,,,,,,,,
AC220,CCCCC(=O)OC,C1=COC(=C1)CSSCC2=CC=CO2,,,,,,,,
AC299,CCOC(=O)C1=CC=CC=C1,CC1=CC(=C(O1)C)C(=O)C,,,,,,,,
AC327,CC1=CC(=C(C=C1)O)OC,CCCCC(C)O,,,,,,,,
AC329,CC1=CC(=C(C=C1)O)OC,CC1=CC(=C(O1)C)C(=O)C,,,,,,,,
AC340,C1=CC=C(C=C1)S,C1=COC(=C1)CSSCC2=CC=CO2,,,,,,,,
AC394,CC(C)C1=CC=C(C=C1)C=O,CCCCSCCCC,,,,,,,,
AC445,C1=CC=C(C=C1)S,CC(C)CC=O,,,,,,,,
AC459,CC(C)C1=CC=C(C=C1)CO,CCCCC(=O)OC,,,,,,,,
AC478,CCCCSCCCC,CC(=O)C1=CC=CC=N1,,,,,,,,
AC497,C1=CC=C(C=C1)S,CC(=O)O[C@@H]1C[C@@H]2CC[C@]1(C2(C)C)C,,,,,,,,
AC557,CCOC(=O)C1=CC=CC=C1,CC(C)CC=O,,,,,,,,
AC627,COC1=CC=CC=C1O,CC1=CC(=C(O1)C)C(=O)C,,,,,,,,
AC676,COC1=CC=CC=C1O,CCCCC(C)O,,,,,,,,
AC712,CC(C)C1=CC=C(C=C1)C=O,CCCCC(=O)OC,,,,,,,,
AC729,CC(C)CC(=O)C,CC1=CC(=C(O1)C)C(=O)C,,,,,,,,
AC737,CC(C)CC(=O)C,CCCCC(C)O,,,,,,,,
AC754,C1=CC=C(C=C1)S,CC1CCC(C(=O)C1)C(C)(C)S,,,,,,,,
AC761,CCCCSCCCC,C1=COC(=C1)CSSCC2=CC=CO2,,,,,,,,
AC820,CC(C)C1=CC=C(C=C1)CO,CCCCSCCCC,,,,,,,,
AC930,CCOC(=O)C1=CC=CC=C1,CC1CCC(C(=O)C1)C(C)(C)S,,,,,,,,
AC933,CCOC(=O)C1=CC=CC=C1,CC(=O)O[C@@H]1C[C@@H]2CC[C@]1(C2(C)C)C,,,,,,,,
AC958,CC(C)C1=CC=C(C=C1)C=O,CCCCC(C)O,,,,,,,,
AD011,C1=CC=C(C=C1)S,CSCCC=O,,,,,,,,
AD015,CCCCC(=O)OC,CCC1=CC(=C(C=C1)O)OC,,,,,,,,
AD038,CCCCSCCCC,C=CCSSCC=C,,,,,,,,
AD048,C1=CC=C(C=C1)S,CSC(=C[N+](=O)[O-])SC,,,,,,,,
AD062,CCCCC(=O)OC,CCOC(C)OCC,,,,,,,,
AD074,C1=CC=C(C=C1)S,CCOC(C)OCC,,,,,,,,
AD075,CC1=CC(=C(C=C1)O)OC,CC/C=C\CCCCC=O,,,,,,,,
AD085,COC1=CC=CC=C1O,CC1=CC(=C(C=C1)C(C)C)O,,,,,,,,
AD101,CC1=CC(=C(C=C1)O)OC,CSCCC=O,,,,,,,,
AD120,COC1=CC=CC=C1O,C1=COC(=C1)CSSCC2=CC=CO2,,,,,,,,
AD132,CC(C)C1=CC=C(C=C1)CO,CC1=CC[C@H](CC1=O)C(=C)C,,,,,,,,
AD133,C1=CC=C(C=C1)S,COC1=C(C=C(C=C1)CC=C)OC,,,,,,,,
AD222,CC(C)CC(=O)C,C1=COC(=C1)CSSCC2=CC=CO2,,,,,,,,
AD230,CC1=CC(=C(C=C1)O)OC,CC1=CC(=C(C=C1)C(C)C)O,,,,,,,,
AD234,CC(C)C1=CC=C(C=C1)CO,CC1=CC(=C(C=C1)C(C)C)O,,,,,,,,
AD254,COC1=CC=CC=C1O,CC/C=C\CCCCC=O,,,,,,,,
AD315,CCOC(=O)C1=CC=CC=C1,CC/C=C\CCCCC=O,,,,,,,,
AD317,COC1=CC=CC=C1O,CC1=CC[C@H](CC1=O)C(=C)C,,,,,,,,
AD329,CC(C)C1=CC=C(C=C1)C=O,CC1=CC[C@H](CC1=O)C(=C)C,,,,,,,,
AD347,CC(C)C1=CC=C(C=C1)C=O,C1=COC(=C1)CSSCC2=CC=CO2,,,,,,,,
AD386,CC(C)CC(=O)C,C=CCSSCC=C,,,,,,,,
AD427,CCCCSCCCC,COC1=C(C=C(C=C1)CC=C)OC,,,,,,,,
AD462,CCCCSCCCC,CCC1=CC(=C(C=C1)O)OC,,,,,,,,
AD481,CCOC(=O)C1=CC=CC=C1,CSCCC=O,,,,,,,,
AD505,CCOC(=O)C1=CC=CC=C1,C=CCSSCC=C,,,,,,,,
AD567,C1=CC=C(C=C1)S,CCC1=CC(=C(C=C1)O)OC,,,,,,,,
AD635,CCCCC(=O)OC,CSC(=C[N+](=O)[O-])SC,,,,,,,,
AD639,CCOC(=O)C1=CC=CC=C1,COC1=C(C=C(C=C1)CC=C)OC,,,,,,,,
AD649,CCCCC(=O)OC,CSCCC=O,,,,,,,,
AD659,CC1=CC(=C(C=C1)O)OC,CCOC(C)OCC,,,,,,,,
AD690,CC(C)C1=CC=C(C=C1)C=O,C=CCSSCC=C,,,,,,,,
AD718,CCCCSCCCC,CCOC(C)OCC,,,,,,,,
AD737,CCOC(=O)C1=CC=CC=C1,CCOC(C)OCC,,,,,,,,
AD738,CC(C)CC(=O)C,CC/C=C\CCCCC=O,,,,,,,,
AD754,CC(C)CC(=O)C,CC1=CC(=C(C=C1)C(C)C)O,,,,,,,,
AD781,CC1=CC(=C(C=C1)O)OC,C1=COC(=C1)CSSCC2=CC=CO2,,,,,,,,
AD808,C1=CC=C(C=C1)S,CC/C=C\CCCCC=O,,,,,,,,
AD835,CCOC(=O)C1=CC=CC=C1,C1=COC(=C1)CSSCC2=CC=CO2,,,,,,,,
AD853,CCCCSCCCC,CSCCC=O,,,,,,,,
AD862,CC1=CC(=C(C=C1)O)OC,C=CCSSCC=C,,,,,,,,
AD866,COC1=CC=CC=C1O,C=CCSSCC=C,,,,,,,,
AD876,CC(C)C1=CC=C(C=C1)C=O,CC1=CC(=C(C=C1)C(C)C)O,,,,,,,,
AD917,CC(C)CC(=O)C,CC1=CC[C@H](CC1=O)C(=C)C,,,,,,,,
AD919,CCCCC(=O)OC,COC1=C(C=C(C=C1)CC=C)OC,,,,,,,,
AD967,CCCCSCCCC,CC/C=C\CCCCC=O,,,,,,,,
AD994,CC(C)C1=CC=C(C=C1)CO,C1=COC(=C1)CSSCC2=CC=CO2,,,,,,,,
AD995,CC(C)CC(=O)C,CSCCC=O,,,,,,,,
AE002,CC(C1CC1)O,CC(C)CC=O,,,,,,,,
AE004,CCCCCC(=O)OCCCCC,CC(=O)C1=CN=CC=C1,,,,,,,,
AE042,CC[C@H](C1=CC=CC=C1)N,C1=CC=C2C(=C1)N=CS2,,,,,,,,
AE043,CCCCCC(=O)OCCCCC,CCOC1=NC=CN=C1,,,,,,,,
AE061,CCC(CC)(CC)O,C1=CC=C2C(=C1)N=CS2,,,,,,,,
AE067,CC[C@H](C1=CC=CC=C1)N,CC1=CC=CC=C1,,,,,,,,
AE099,C=CCC1CCCCC1=O,C1=CN=CC=N1,,,,,,,,
AE140,CCCCCC(=O)OCCCCC,C1=CC=C2C(=C1)N=CS2,,,,,,,,
AE142,C=CCC1CCCCC1=O,CC1=CCC(CC1OC(=O)C)C(=C)C,,,,,,,,
AE148,CC1(CCCC(=O)C1)C,CC(=O)C1=CN=CC=C1,,,,,,,,
AE153,C=CCC1CCCCC1=O,CC(=O)C1=CN=CC=C1,,,,,,,,
AE177,CC1(CCCC(=O)C1)C,CC1=CC[C@H](CC1=O)C(=C)C,,,,,,,,
AE184,CC(C1CC1)O,C1=CN=CC=N1,,,,,,,,
AE192,CCCCCC(=O)OCCCCC,CC1=CC[C@H](CC1=O)C(=C)C,,,,,,,,
AE207,C1=CC=C(C=C1)OCCN,CC1=CC[C@H](CC1=O)C(=C)C,,,,,,,,
AE240,CC[C@H](C1=CC=CC=C1)N,CCOC1=NC=CN=C1,,,,,,,,
AE241,C1CCC(C1)/C=C/C#N,CC(=O)C1=CN=CC=C1,,,,,,,,
AE280,C1=CC=C(C=C1)OCCN,CC(C)(C)CC(=O)O,,,,,,,,
AE297,C1=CC=C(C=C1)OCCN,C1=CC=C2C(=C1)N=CS2,,,,,,,,
AE334,CC1(CCCC(=O)C1)C,CC1=CC(=C(C=C1)C(C)C)O,,,,,,,,
AE379,C1=CC=C(C=C1)OCCN,CC(=O)C1=CN=CC=C1,,,,,,,,
AE421,CC(C1CC1)O,CC1COCC2=CC3=C(C=C12)C(C(C3(C)C)C)(C)C,,,,,,,,
AE448,CCCCCC(=O)OCCCCC,C1=CN=CC=N1,,,,,,,,
AE459,CC[C@H](C1=CC=CC=C1)N,C1=CN=CC=N1,,,,,,,,
AE532,CC1(CCCC(=O)C1)C,CCOC1=NC=CN=C1,,,,,,,,
AE539,CC[C@H](C1=CC=CC=C1)N,CC(C)C(=O)C,,,,,,,,
AE568,CC1(CCCC(=O)C1)C,C1=CN=CC=N1,,,,,,,,
AE574,CCCCCC(=O)OCCCCC,CC(C)(C)CC(=O)O,,,,,,,,
AE645,CC(C1CC1)O,CC(C)(C)CC(=O)O,,,,,,,,
AE646,CC[C@H](C1=CC=CC=C1)N,CC(=O)C1=CN=CC=C1,,,,,,,,
AE659,C=CCC1CCCCC1=O,CCCC(=O)OCCC,,,,,,,,
AE666,CC(C1CC1)O,CC1=CC(=C(C=C1)C(C)C)O,,,,,,,,
AE675,C=CCC1CCCCC1=O,CC(C)C(=O)C,,,,,,,,
AE681,CCC(CC)(CC)O,CC1=CC[C@H](CC1=O)C(=C)C,,,,,,,,
AE715,CCC(CC)(CC)O,CC(C)C(=O)C,,,,,,,,
AE755,CC(C1CC1)O,CCOC1=NC=CN=C1,,,,,,,,
AE761,C1=CC=C(C=C1)OCCN,CC1=CC=CC=C1,,,,,,,,
AE767,C=CCC1CCCCC1=O,C1=CC=C2C(=C1)N=CS2,,,,,,,,
AE775,C1=CC=C(C=C1)OCCN,CCOC1=NC=CN=C1,,,,,,,,
AE798,CC1(CCCC(=O)C1)C,CC1COCC2=CC3=C(C=C12)C(C(C3(C)C)C)(C)C,,,,,,,,
AE809,C1=CC=C(C=C1)OCCN,C1=CN=CC=N1,,,,,,,,
AE810,CCCCCC(=O)OCCCCC,CC1=CC(=C(C=C1)C(C)C)O,,,,,,,,
AE825,CC(C1CC1)O,CC1=CC[C@H](CC1=O)C(=C)C,,,,,,,,
AE855,CCC(CC)(CC)O,CC1=CC=CC=C1,,,,,,,,
AE911,CCC(CC)(CC)O,CC(=O)C1=CN=CC=C1,,,,,,,,
AE913,CCC(CC)(CC)O,CCOC1=NC=CN=C1,,,,,,,,
AE929,CC1(CCCC(=O)C1)C,CC(C)(C)CC(=O)O,,,,,,,,
AE942,CCC(CC)(CC)O,C1=CN=CC=N1,,,,,,,,
AE958,C=CCC1CCCCC1=O,CC1=CC=CC=C1,,,,,,,,
AE967,CC[C@H](C1=CC=CC=C1)N,CC1=CCC(CC1OC(=O)C)C(=C)C,,,,,,,,
AF010,CC(C)C(=O)C,,,,,,,,,
AF054,CC[C@H](C1=CC=CC=C1)N,,,,,,,,,
AF065,CC1=CC[C@H](CC1=O)C(=C)C,CC1=CN=C(C=N1)C,CC(=O)C1=CC=CS1,CCCCCC(=O)C,CC(=O)C1=CC=CC=C1,CCCCCOC(=O)CCC,CCCCCC/C=C\CO,C1CCCC(=O)CC1,CCCCC(=O)OCC,CCCCCC(=O)O
AF123,CC1CCC(C(=O)C1)C(C)(C)S,,,,,,,,,
AF139,CCCCCC(=O)OCCCCC,,,,,,,,,
AF184,CCCCC(=O)OC,,,,,,,,,
AF201,C1CCC(C1)/C=C/C#N,,,,,,,,,
AF301,CC1=CN=C(C=N1)C,CCCCCC(=O)C,CC(=O)C1=CC=CC=C1,CCCCCC/C=C\CO,C1CCCC(=O)CC1,,,,,
AF333,CCC(CC)(CC)O,,,,,,,,,
AF337,CC1=CC[C@H](CC1=O)C(=C)C,CC1=CN=C(C=N1)C,CC(=O)C1=CC=CS1,CCCCCC(=O)C,CC(=O)C1=CC=CC=C1,CCCCCOC(=O)CCC,CCCCCC/C=C\CO,C1CCCC(=O)CC1,CCCCC(=O)OCC,CCCCCC(=O)O
AF342,CCCC(=O)OCCC,,,,,,,,,
AF370,CC1(CCCC(=O)C1)C,,,,,,,,,
AF383,CC1=CC(=C(C=C1)O)OC,,,,,,,,,
AF408,C1=CC=C2C(=C1)N=CS2,,,,,,,,,
AF442,CC1=CC[C@H](CC1=O)C(=C)C,CC1=CN=C(C=N1)C,CC(=O)C1=CC=CS1,CCCCCC(=O)C,CC(=O)C1=CC=CC=C1,CCCCCOC(=O)CCC,CCCCCC/C=C\CO,C1CCCC(=O)CC1,CCCCC(=O)OCC,CCCCCC(=O)O
AF445,CC(=O)C1=CN=CC=C1,,,,,,,,,
AF469,CC1=CN=C(C=N1)C,CCCCCC(=O)C,CC(=O)C1=CC=CC=C1,CCCCCC/C=C\CO,C1CCCC(=O)CC1,,,,,
AF502,CC1=CN=C(C=N1)C,CCCCCC(=O)C,CC(=O)C1=CC=CC=C1,CCCCCC/C=C\CO,C1CCCC(=O)CC1,,,,,
AF552,CC(C1CC1)O,,,,,,,,,
AF586,CC(C)CC(=O)C,,,,,,,,,
AF610,C=CCC1CCCCC1=O,,,,,,,,,
AF612,CCOC1=NC=CN=C1,,,,,,,,,
AF647,CC1=CC=CC=C1,,,,,,,,,
AF719,CC(C)(C)CC(=O)O,,,,,,,,,
AF737,CC1=CC[C@H](CC1=O)C(=C)C,CCCCCC(=O)C,CC(=O)C1=CC=CC=C1,C1=CC=C(C=C1)C=O,COC(=O)C1=CC=CC=C1O,,,,,
AF890,C1=CN=CC=N1,,,,,,,,,
AF899,C1=CC=C(C=C1)OCCN,,,,,,,,,
AF914,CCCCSCCCC,,,,,,,,,
AF925,CC1=CCC(CC1OC(=O)C)C(=C)C,,,,,,,,,
AF986,CC(=O)O[C@@H]1C[C@@H]2CC[C@]1(C2(C)C)C,,,,,,,,,
AG056,CC(=O)C1=CC=CC=C1,CC1=CCC(CC1OC(=O)C)C(=C)C,,,,,,,,
AG069,CCCCCC(=O)C,CCCC(=O)OCCC,,,,,,,,
AG086,CC1=CC[C@H](CC1=O)C(=C)C,CCCCCC(=O)C,CC(=O)C1=CC=CC=C1,C1=CC=C(C=C1)C=O,COC(=O)C1=CC=CC=C1O,,,,,
AG090,CC1(CCCC(=O)C1)C,CC(=O)C1=CC=CS1,,,,,,,,
AG126,CC(=O)C1=CC=CC=C1,CC(C)C(=O)C,,,,,,,,
AG139,CC1=CN=C(C=N1)C,CC(=O)C1=CN=CC=C1,,,,,,,,
AG158,CCCCCC(=O)C,CC1=CC=CC=C1,,,,,,,,
AG169,CCCCCC(=O)C,CC(C)C(=O)C,,,,,,,,
AG247,CC1=CN=C(C=N1)C,CC1=CCC(CC1OC(=O)C)C(=C)C,,,,,,,,
AG258,C1=CN(C=C1)CC2=CC=CO2,CC(=O)C1=CC=CC=C1,CCCCCC/C=C\CO,C1CCCC(=O)CC1,COC(=O)C1=CC=CC=C1O,,,,,
AG272,CC1(CCCC(=O)C1)C,CC(C)C(=O)C,,,,,,,,
AG298,CC1=CN=C(C=N1)C,CCCC(=O)OCCC,,,,,,,,
AG316,C=CCSSCC=C,CC1(CCCC(=O)C1)C,,,,,,,,
AG333,CC1=CN=C(C=N1)C,CC(C)C(=O)C,,,,,,,,
AG346,CC1=CC[C@H](CC1=O)C(=C)C,CC(=O)C1=CC=CC=C1,C1CCCC(=O)CC1,,,,,,,
AG351,C=CCSSCC=C,CC(=O)C1=CC=CC=C1,,,,,,,,
AG354,CCCCCC(=O)C,CC(=O)C1=CC=CS1,,,,,,,,
AG386,C1=COC(=C1)CSSCC2=CC=CO2,CC1(CCCC(=O)C1)C,,,,,,,,
AG394,CC1=CC[C@H](CC1=O)C(=C)C,CC(=O)C1=CC=CC=C1,C1CCCC(=O)CC1,,,,,,,
AG422,CC(=O)C1=CC=CC=C1,C1CCCC(=O)CC1,CC(=CCCC(C)(C=C)O)C,,,,,,,
AG454,CC1=CN=C(C=N1)C,CCCCCC(=O)C,CC(=O)C1=CC=CC=C1,CCCCCC/C=C\CO,C1CCCC(=O)CC1,,,,,
AG456,CC1=CC(=C(O1)C)C(=O)C,CC(=O)C1=CC=CC=C1,,,,,,,,
AG530,CC1=CC=C(O1)C(=O)C,CC(=O)C1=CC=CS1,CC(=O)C1=CC=CC=C1,C1CCCC(=O)CC1,CC(=CCCC(C)(C=C)O)C,,,,,
AG543,CC1(CCCC(=O)C1)C,CC1=CC=CC=C1,,,,,,,,
AG570,C1=COC(=C1)CSSCC2=CC=CO2,CC(=O)C1=CC=CC=C1,,,,,,,,
AG575,C=CCSSCC=C,CCCCCC(=O)C,,,,,,,,
AG616,CC1(CCCC(=O)C1)C,CC1=CCC(CC1OC(=O)C)C(=C)C,,,,,,,,
AG619,CC1=CC[C@H](CC1=O)C(=C)C,CC(=O)C1=CC=CC=C1,C1CCCC(=O)CC1,,,,,,,
AG677,CC1=CC=C(O1)C(=O)C,CC(=O)C1=CC=CS1,CC(=O)C1=CC=CC=C1,C1CCCC(=O)CC1,CC(=CCCC(C)(C=C)O)C,,,,,
AG699,CC1=CN=C(C=N1)C,C1=CC=C2C(=C1)N=CS2,,,,,,,,
AG724,CC1=CC[C@H](CC1=O)C(=C)C,CCCCCC(=O)C,CC(=O)C1=CC=CC=C1,C1=CC=C(C=C1)C=O,COC(=O)C1=CC=CC=C1O,,,,,
AG732,CC1=CN=C(C=N1)C,CC1=CC=CC=C1,,,,,,,,
AG742,CC(=O)C1=CC=CC=C1,C1CCCC(=O)CC1,CC(=CCCC(C)(C=C)O)C,,,,,,,
AG805,CCCCCC(=O)C,C1=CC=C2C(=C1)N=CS2,,,,,,,,
AG810,CC1(CCCC(=O)C1)C,CCCC(=O)OCCC,,,,,,,,
AG862,CC1=CC=C(O1)C(=O)C,CC(=O)C1=CC=CS1,CC(=O)C1=CC=CC=C1,C1CCCC(=O)CC1,CC(=CCCC(C)(C=C)O)C,,,,,
AG869,CC1=CN=C(C=N1)C,CC(=O)C1=CC=CS1,,,,,,,,
AG874,CC1=CC[C@H](CC1=O)C(=C)C,CCCCCC(=O)C,CC(=O)C1=CC=CC=C1,C1=CC=C(C=C1)C=O,COC(=O)C1=CC=CC=C1O,,,,,
AG875,C1=CN(C=C1)CC2=CC=CO2,CC(=O)C1=CC=CC=C1,CCCCCC/C=C\CO,C1CCCC(=O)CC1,COC(=O)C1=CC=CC=C1O,,,,,
AG945,CCCCCC(=O)C,CC1=CCC(CC1OC(=O)C)C(=C)C,,,,,,,,
AG982,CC1=CC[C@H](CC1=O)C(=C)C,CC(=O)C1=CC=CC=C1,C1CCCC(=O)CC1,,,,,,,
AG989,CC1=CC=C(O1)C(=O)C,CC(=O)C1=CC=CS1,CC(=O)C1=CC=CC=C1,C1CCCC(=O)CC1,CC(=CCCC(C)(C=C)O)C,,,,,
AH007,CC(=O)C1=CC=CS1,CCCCCC(=O)C,CCCCCC(=O)O,,,,,,,
AH022,CCCCC(C)O,CC(=O)C1=CC=CC=C1,,,,,,,,
AH100,CC(=O)C1=CC=CS1,CCCCCC(=O)C,CCCCCC(=O)O,,,,,,,
AH174,CC1=CN=C(C=N1)C,CCCCCC(=O)C,CC(=O)C1=CC=CC=C1,,,,,,,
AH189,CCCCCOC(=O)CCC,CCCC(=O)SC,,,,,,,,
AH199,CCCCCC(=O)O,CC/C=C\CCCCC=O,,,,,,,,
AH203,CC1=CC[C@H](CC1=O)C(=C)C,CC1=CN=C(C=N1)C,CC(=O)C1=CC=CS1,CCCCCC(=O)C,CC(=O)C1=CC=CC=C1,CCCCCOC(=O)CCC,CCCCCC/C=C\CO,C1CCCC(=O)CC1,CCCCC(=O)OCC,CCCCCC(=O)O
AH254,CC(=O)C1=CC=CC=C1,CC(=O)C1=CC=CS1,,,,,,,,
AH263,CCCCC(C)O,CC1(CCCC(=O)C1)C,,,,,,,,
AH269,CCCCC(=O)OC,C=CCSSCC=C,,,,,,,,
AH286,C1=CN(C=C1)CC2=CC=CO2,CC(=O)C1=CC=CC=C1,CCCCCC/C=C\CO,C1CCCC(=O)CC1,COC(=O)C1=CC=CC=C1O,,,,,
AH291,C1CCCC(=O)CC1,CCCC(=O)SC,,,,,,,,
AH342,CCCCC(=O)OC,CC/C=C\CCCCC=O,,,,,,,,
AH402,C1CCCC(=O)CC1,CCCC(=O)OCCC,,,,,,,,
AH445,CCCCC(=O)OC,CCCC(=O)SC,,,,,,,,
AH447,CCCCC(C)O,CC1=CN=C(C=N1)C,,,,,,,,
AH448,CCCCCOC(=O)CCC,CC1=CC(=C(O1)C)C(=O)C,,,,,,,,
AH489,CCCCCC(=O)O,CC(=O)C1=CC=CS1,,,,,,,,
AH541,CCCCCOC(=O)CCC,CCCC(=O)OCCC,,,,,,,,
AH552,CCCCC(=O)OC,CC1=CC(=C(O1)C)C(=O)C,,,,,,,,
AH564,CCCCCC(=O)O,C=CCSSCC=C,,,,,,,,
AH568,CCCCCOC(=O)CCC,C=CCSSCC=C,,,,,,,,
AH588,C1CCCC(=O)CC1,CC/C=C\CCCCC=O,,,,,,,,
AH608,CCCCCC(=O)O,CC1=CC(=C(O1)C)C(=O)C,,,,,,,,
AH612,C1CCCC(=O)CC1,CC(=O)C1=CC=CS1,,,,,,,,
AH664,CC(=O)C1=CC=CS1,CCCCCC(=O)C,CCCCCC(=O)O,,,,,,,
AH666,CC(=O)C1=CC=CC=C1,CCCC(=O)OCCC,,,,,,,,
AH674,CCCCCC(=O)O,CCCC(=O)SC,,,,,,,,
AH677,CCCCC(=O)OC,CCCCCC1CCCC(=O)O1,,,,,,,,
AH702,CCCCCOC(=O)CCC,CC1=CCC(CC1OC(=O)C)C(=C)C,,,,,,,,
AH720,CC1=CN=C(C=N1)C,CCCCCC(=O)C,CC(=O)C1=CC=CC=C1,,,,,,,
AH733,C1CCCC(=O)CC1,C=CCSSCC=C,,,,,,,,
AH765,CCCCCOC(=O)CCC,CC(=O)C1=CC=CS1,,,,,,,,
AH771,CCCCC(C)O,CCCCCOC(=O)CCC,,,,,,,,
AH817,C1CCCC(=O)CC1,CC1=CC(=C(O1)C)C(=O)C,,,,,,,,
AH866,CCCCC(C)O,CCCCCC(=O)C,,,,,,,,
AH877,CC(=O)C1=CC=CS1,CCCCCC(=O)C,CCCCCC(=O)O,,,,,,,
AH941,C1=CN(C=C1)CC2=CC=CO2,CC(=O)C1=CC=CC=C1,CCCCCC/C=C\CO,C1CCCC(=O)CC1,COC(=O)C1=CC=CC=C1O,,,,,
AH997,CCCCCC(=O)O,CSCCC=O,,,,,,,,
AI029,CCOC=O,,,,,,,,,
AI094,CCC(=O)OCC,,,,,,,,,
AI098,CC(=O)C1=CN=CC=C1,CCCC(=O)OC,,,,,,,,
AI130,CC(C1CC1)O,CC(=CC(=O)C)C,,,,,,,,
AI142,CCCC(=O)OCC,COC1=C(C=CC(=C1)CC=C)O,C[C@@H](CCC=C(C)C)CCO,CC(=O)C1=CC=CC=N1,CCCCCOC(=O)CCC,CCOC(=O)C1=CC=CC=C1,CC(=CC(=O)C)C,CC(CCCC(C)(C)O)CC=O,CCOC(=O)C(C)O,CCCCCCCC(C)O
AI170,CC(C1CC1)O,COC1=C(C=CC(=C1)CC=C)O,,,,,,,,
AI205,CCCCCC/C=C\CO,CCOC(=O)C1=CC=CC=C1,,,,,,,,
AI216,CC(=O)C1=CN=CC=C1,CCCC(=O)OCC,,,,,,,,
AI242,CCCC(=O)OCC,COC1=C(C=CC(=C1)CC=C)O,C[C@@H](CCC=C(C)C)CCO,CC(=O)C1=CC=CC=N1,CCCCCOC(=O)CCC,CCOC(=O)C1=CC=CC=C1,CC(=CC(=O)C)C,CC(CCCC(C)(C)O)CC=O,CCOC(=O)C(C)O,CCCCCCCC(C)O
AI273,CCCCCC(=O)OCC,COC(=O)C1=CC=CC=C1,CCC(=O)OCC,CCCC(=O)OC,CCCCC(=O)OCC,C/C/1=C\CCC(=C)[C@H]2CC([C@@H]2CC1)(C)C,CC(C)C1=CC=C(C=C1)C=O,CC1CCC(=O)O1,CCOC=O,CC(=O)OCCC1=CC=CC=C1
AI292,CC(C)C1=CC=C(C=C1)C=O,,,,,,,,,
AI304,CCCCCC/C=C\CO,CC1CCC(=O)O1,,,,,,,,
AI338,CC1=CN=C(C=N1)C,CCCCC(=O)OCC,,,,,,,,
AI342,CC(=O)C1=CN=CC=C1,COC(=O)C1=CC=CC=C1,,,,,,,,
AI347,CCCC(=O)OCC,COC1=C(C=CC(=C1)CC=C)O,C[C@@H](CCC=C(C)C)CCO,CC(=O)C1=CC=CC=N1,CCCCCOC(=O)CCC,CCOC(=O)C1=CC=CC=C1,CC(=CC(=O)C)C,CC(CCCC(C)(C)O)CC=O,CCOC(=O)C(C)O,CCCCCCCC(C)O
AI376,CCCC(=O)OCC,COC1=C(C=CC(=C1)CC=C)O,C[C@@H](CCC=C(C)C)CCO,CC(=O)C1=CC=CC=N1,CCCCCOC(=O)CCC,CCOC(=O)C1=CC=CC=C1,CC(=CC(=O)C)C,CC(CCCC(C)(C)O)CC=O,CCOC(=O)C(C)O,CCCCCCCC(C)O
AI453,CCCCCC(=O)OCC,COC(=O)C1=CC=CC=C1,CCC(=O)OCC,CCCC(=O)OC,CCCCC(=O)OCC,C/C/1=C\CCC(=C)[C@H]2CC([C@@H]2CC1)(C)C,CC(C)C1=CC=C(C=C1)C=O,CC1CCC(=O)O1,CCOC=O,CC(=O)OCCC1=CC=CC=C1
AI505,CC(C1CC1)O,C/C/1=C\CCC(=C)[C@H]2CC([C@@H]2CC1)(C)C,,,,,,,,
AI570,CC(C)CC=O,CCOC(=O)C(C)O,,,,,,,,
AI610,C/C/1=C\CCC(=C)[C@H]2CC([C@@H]2CC1)(C)C,,,,,,,,,
AI614,CCOC(=O)C1=CC=CC=C1,,,,,,,,,
AI635,CC1=CN=C(C=N1)C,CCOC=O,,,,,,,,
AI636,CC1CCC(=O)O1,,,,,,,,,
AI665,CCCCCC(=O)OCC,COC(=O)C1=CC=CC=C1,CCC(=O)OCC,CCCC(=O)OC,CCCCC(=O)OCC,C/C/1=C\CCC(=C)[C@H]2CC([C@@H]2CC1)(C)C,CC(C)C1=CC=C(C=C1)C=O,CC1CCC(=O)O1,CCOC=O,CC(=O)OCCC1=CC=CC=C1
AI681,CCCCCC(=O)OCC,COC(=O)C1=CC=CC=C1,CCC(=O)OCC,CCCC(=O)OC,CCCCC(=O)OCC,C/C/1=C\CCC(=C)[C@H]2CC([C@@H]2CC1)(C)C,CC(C)C1=CC=C(C=C1)C=O,CC1CCC(=O)O1,CCOC=O,CC(=O)OCCC1=CC=CC=C1
AI722,CC(=O)OCCC1=CC=CC=C1,,,,,,,,,
AI768,CCCCCC(=O)OCC,COC(=O)C1=CC=CC=C1,CCC(=O)OCC,CCCC(=O)OC,CCCCC(=O)OCC,C/C/1=C\CCC(=C)[C@H]2CC([C@@H]2CC1)(C)C,CC(C)C1=CC=C(C=C1)C=O,CC1CCC(=O)O1,CCOC=O,CC(=O)OCCC1=CC=CC=C1
AI780,CCCC(=O)OCC,COC1=C(C=CC(=C1)CC=C)O,C[C@@H](CCC=C(C)C)CCO,CC(=O)C1=CC=CC=N1,CCCCCOC(=O)CCC,CCOC(=O)C1=CC=CC=C1,CC(=CC(=O)C)C,CC(CCCC(C)(C)O)CC=O,CCOC(=O)C(C)O,CCCCCCCC(C)O
AI797,CC(C1CC1)O,CC(CCCC(C)(C)O)CC=O,,,,,,,,
AI814,CCCCCC/C=C\CO,CC(=O)C1=CC=CC=N1,,,,,,,,
AI851,CC(=O)C1=CN=CC=C1,CCCCCC(=O)OCC,,,,,,,,
AI856,CC(CCCC(C)(C)O)CC=O,,,,,,,,,
AI884,CC(=O)C1=CN=CC=C1,CC(=O)OCCC1=CC=CC=C1,,,,,,,,
AI897,CC1=CN=C(C=N1)C,C[C@@H](CCC=C(C)C)CCO,,,,,,,,
AI926,CC1=CN=C(C=N1)C,CC(C)C1=CC=C(C=C1)C=O,,,,,,,,
AI943,CC1=CN=C(C=N1)C,CCC(=O)OCC,,,,,,,,
AI981,CC1=CN=C(C=N1)C,CCCCCCCC(C)O,,,,,,,,
AI990,CCCCCC/C=C\CO,CCCCCOC(=O)CCC,,,,,,,,
AJ003,CC=O,CC(C)CCO,CCCC(=O)OCC,CSCCC=O,CCC1=CC(=C(C=C1)O)OC,,,,,
AJ008,CCC/C=C/C=O,CC(=O)C1=CC=CC=C1O,CCCSCCC,CCCC(=O)OCC,CCCCCC=O,,,,,
AJ010,C1=CC=C(C=C1)COC(=O)C2=CC=CC=C2,CC1=CC(=C(O1)C)C(=O)C,CCCC(=O)OCC,CSCCC=O,CCC1=CC(=C(C=C1)O)OC,,,,,
AJ018,CCCCCCC(=O)O,CN1CCCC1,C1=CC=C2C(=C1)C=CC=N2,,,,,,,
AJ058,CC(C)CO,CC1=CC(=C(O1)C)C(=O)C,C/C=C/C=C/C=O,COC1=CC=CC=C1S,CCC1=CC(=C(C=C1)O)OC,,,,,
AJ062,CC(C)CCO,CCOC(C)OCC,C1=CC=C(C=C1)/C=C/C=O,COC1=CC=CC=C1S,CCC1=CC(=C(C=C1)O)OC,,,,,
AJ070,C1=CC=C(C=C1)/C=C/C=O,CCCCCC(=O)C,C1=CSC(=C1)S,CC1=CN=C(C=N1)C,C1CCC(CC1)O,C1=COC(=C1)CS,C1=CC=C(C=C1)C=O,C1CCC(=O)C1,CCCOC(=O)CC(C)C,C1=CC=C(C(=C1)O)Br
AJ108,CCOC(=O)CC(C)C,C1=CC=C(C=C1)/C=C/C=O,CCC1=NC=CN=C1CC,,,,,,,
AJ119,CC(C)CC(=O)O,CCOC(C)OCC,CCCC(=O)OCC,COC1=CC=CC=C1S,CCC1=CC(=C(C=C1)O)OC,,,,,
AJ191,CC(C)CC(=O)O,CCC/C=C/C=O,CCOC(C)OCC,CC1=CC(=C(O1)C)C(=O)C,CSCCC=O,,,,,
AJ192,CC(=O)OCC1=CC=CC=C1,C1=CC=C(C=C1)/C=C/C=O,CCCCCC(=O)C,,,,,,,
AJ244,C1=CC=C(C=C1)COC(=O)C2=CC=CC=C2,CCC/C=C/C=O,CC(=O)C1=CC=CC=C1O,CCCC(=O)OCC,C/C=C/C=C/C=O,,,,,
AJ261,C1=CC=C(C=C1)COC(=O)C2=CC=CC=C2,CC(C)CCO,CC(=O)C1=CC=CC=C1O,CCCC(=O)OCC,CCCCCC=O,,,,,
AJ266,C1=CC=C(C=C1)/C=C/C=O,C1=CSC(=C1)S,CC1=CN=C(C=N1)C,COC(=O)CCSC,C1CCC(CC1)O,C1=COC(=C1)CS,C1CCC(=O)C1,CCCOC(=O)CC(C)C,C1=CC=C(C(=C1)O)Br,CCCCCO
AJ283,CCOC(=O)CC(C)C,CC(C)CC=O,CCC1=NC=CN=C1CC,,,,,,,
AJ316,CC(C)CC=O,C1=CC=C2C(=C1)C=CC=N2,CC(=O)C1=CC=CC=N1,,,,,,,
AJ334,CCCCCCC(=O)O,C1CCCC(=O)CC1,CCCCCC(=O)C,,,,,,,
AJ356,C1=CC=NC=C1,CC(=O)C1=CC=CC=C1O,C1=CC=C2C(=C1)C=CC=N2,,,,,,,
AJ380,C1=CC=C2C(=C1)C=CC=N2,CCCCCC=O,C1=COC(=C1)CSSCC2=CC=CO2,,,,,,,
AJ413,CCCCCC(=O)C,CC(C=O)C1=CC=CC=C1,C1=CSC(=C1)S,CCCCCCC=O,C1=COC(=C1)CSSCC2=CC=CO2,C1=COC(=C1)CS,C1=CC=C(C=C1)C=O,CCCOC(=O)CC(C)C,CC/C=C\CCOC(=O)C,C1=CC=C(C(=C1)O)Br
AJ438,C1=CC=C(C=C1)/C=C/C=O,CC(C=O)C1=CC=CC=C1,C1=CSC(=C1)S,CC1=CN=C(C=N1)C,C1CCC(CC1)O,CC(C)CC(=O)O,C1=CC=C(C=C1)C=O,CC/C=C\CCOC(=O)C,C1=CC=C(C(=C1)O)Br,CCCCCO
AJ449,CCCCCCC(=O)O,CC(C)CC(=O)O,CC(=O)C1=CC=CC=C1O,C1=CC=C(C=C1)/C=C/C=O,C/C=C/C=C/C=O,,,,,
AJ481,C1=CC=C(C=C1)COC(=O)C2=CC=CC=C2,CCC/C=C/C=O,CCCSCCC,CCCCCC=O,COC1=CC=CC=C1S,,,,,
AJ487,C1=CC=C(C=C1)COC(=O)C2=CC=CC=C2,CC=O,C1=CC=C(C=C1)/C=C/C=O,CSCCC=O,CCC1=CC(=C(C=C1)O)OC,,,,,
AJ490,CCCCCCC(=O)O,CC(=O)C1=CC=CC=C1O,CCCCCC(=O)C,,,,,,,
AJ495,CC1C(=O)C(=C(O1)C)OC,CCCSCCC,CCCC(=O)OCC,CCCCCC=O,CCC1=CC(=C(C=C1)O)OC,,,,,
AJ507,CC(=O)C1=CC=CC=N1,C1CCC(CC1)O,C1=COC(=C1)CSSCC2=CC=CO2,,,,,,,
AJ522,C1=CC=C(C=C1)C=O,CCCCCC=O,C1CCCC(=O)CC1,,,,,,,
AJ537,C1=CC=C(C=C1)/C=C/C=O,CC1=CN=C(C=N1)C,COC(=O)CCSC,CCC/C=C/C(=O)O,C1=COC(=C1)CSSCC2=CC=CO2,C1CCC(CC1)O,CCCSCCC,C1CCC(=O)C1,CC/C=C\CCOC(=O)C,C1=CC=C(C(=C1)O)Br
AJ544,CCCCCC(=O)C,CC1=CN=C(C=N1)C,CCCCCCC=O,CCC/C=C/C(=O)O,C1=COC(=C1)CS,CC(C)CC(=O)O,CCCOC(=O)CC(C)C,CC/C=C\CCOC(=O)C,C1=CC=C(C(=C1)O)Br,CCCCCO
AJ573,C1=CC=C(C=C1)C=O,CN1CCCC1,C1CCCC(=O)CC1,,,,,,,
AJ587,CCCCCCC(=O)O,C1=CC=NC=C1,CCCCCCCCS,,,,,,,
AJ601,CC(C)CC(=O)O,CCC/C=C/C=O,CC(C)CCO,CCOC(C)OCC,CC1=CC(=C(O1)C)C(=O)C,,,,,
AJ626,CC(=O)C1=CC=CC=C1O,CCOC(C)OCC,CCCCCC=O,C/C=C/C=C/C=O,COC1=CC=CC=C1S,,,,,
AJ639,C1=CC=C(C=C1)C=O,CCOC(=O)CC(C)C,CCCCCC/C=C/C(=O)OC,,,,,,,
AJ647,CC(=O)OCC1=CC=CC=C1,CC(C)CC=O,CC(=O)C1=CC=CC=N1,,,,,,,
AJ657,CC=O,CC(C)CC(=O)O,CCC/C=C/C=O,CCCCCC=O,CSCCC=O,,,,,
AJ661,CC=O,CCC/C=C/C=O,CC(C)CO,CCOC(C)OCC,COC1=CC=CC=C1S,,,,,
AJ728,CCCCCCCCS,C1=CC=C2C(=C1)C=CC=N2,C1CCCC(=O)CC1,,,,,,,
AJ733,C1=CC=NC=C1,CC(=O)C1=CC=CC=C1O,CCCCCC/C=C/C(=O)OC,,,,,,,
AJ755,CC(C)CC=O,C1=COC(=C1)CSSCC2=CC=CO2,C1CCCC(=O)CC1,,,,,,,
AJ809,CC=O,CC(C)CCO,CC(C)CO,CC1=CC(=C(O1)C)C(=O)C,CC(=O)C1=CC=CC=N1,,,,,
AJ840,CCCCCC(=O)C,C1=CSC(=C1)S,CC1=CC(=O)CC(C1)(C)C,CC1=CN=C(C=N1)C,C1CCC(CC1)O,C1=CC=C(C=C1)C=O,C1CCC(=O)C1,CCCOC(=O)CC(C)C,CC/C=C\CCOC(=O)C,C1=CC=C(C(=C1)O)Br
AJ862,CN1CCCC1,C1CCCC(=O)CC1,CCCCCC(=O)C,,,,,,,
AJ915,CC(C)CCO,CC(=O)C1=CC=CC=C1O,CC(=O)C1=CC=CC=N1,CSCCC=O,CCC1=CC(=C(C=C1)O)OC,,,,,
AJ968,CC(=O)OCC1=CC=CC=C1,CN1CCCC1,C1CCC(CC1)O,,,,,,,
AJ977,CC(C=O)C1=CC=CC=C1,CC1=CC(=O)CC(C1)(C)C,CCCCCCC=O,C1CCC(CC1)O,CCCSCCC,C1=COC(=C1)CS,C1CCC(=O)C1,CCCOC(=O)CC(C)C,C1=CC=C(C(=C1)O)Br,CCCCCO
AJ986,CC(C)CO,CCOC(C)OCC,CC(=O)C1=CC=CC=N1,COC1=CC=CC=C1S,CCC1=CC(=C(C=C1)O)OC,,,,,
AJ990,CCCCCC(=O)C,CC(C=O)C1=CC=CC=C1,CC1=CN=C(C=N1)C,CCCCCCC=O,C1=COC(=C1)CSSCC2=CC=CO2,CCCSCCC,C1=COC(=C1)CS,C1=CC=C(C=C1)C=O,CC/C=C\CCOC(=O)C,C1=CC=C(C(=C1)O)Br
AJ995,C1=CC=C(C=C1)/C=C/C=O,C1=CSC(=C1)S,CC1=CN=C(C=N1)C,COC(=O)CCSC,C1=COC(=C1)CS,CC(C)CC(=O)O,C1=CC=C(C=C1)C=O,CCCOC(=O)CC(C)C,CC/C=C\CCOC(=O)C,C1=CC=C(C(=C1)O)Br
AK010,CC(C)CC=O,CCC(=O)C(=O)C,C1CCC(C1)C(=O)O,CC1=CC[C@H](CC1)C(C)(C)O,CCCCCO,C1=COC(=C1)CS,CC(C)CCCC(C)CCO,CCCSCCC,CC(=CCC/C(=C/C=O)/C)C,CCCCCC(=O)O
AK033,CCC(=O)C(=O)C,CC1=NC=CN=C1C,CC1=CC[C@H](CC1)C(C)(C)O,CCC/C=C/C=O,CCC/C=C/CO,CC1=CNC2=CC=CC=C12,CCOC(=O)C(C)C,CC(C)CCCC(C)CCO,CCCSCCC,CC(=CCC/C(=C/C=O)/C)C
AK052,CCC(=O)C(=O)C,C1CCC(C1)C(=O)O,CCC/C=C/C=O,CCCCCO,CC(C)CO,CC1=CNC2=CC=CC=C12,CCOC(=O)C(C)C,CC(C)CCCC(C)CCO,C1CCC(CC1)O,CCCC(=O)OCC
AK103,CCCC(=O)OCC,CC(C)C1=CC=C(C=C1)C=O,CCCCCCCCS,CC(C)C1=CC=C(C=C1)CO,CCC/C=C/C=O,,,,,
AK113,CC(C)CC=O,CCC(=O)C(=O)C,C1CCC(C1)C(=O)O,CCC/C=C/CO,CC(=CCC/C(=C/C=O)/C)C,CC(C)CO,CC1=CNC2=CC=CC=C12,C1=COC(=C1)CS,CC(C)CCCC(C)CCO,CCCCCC(=O)O
AK118,CCC(=O)C(=O)C,CCCCCO,CC(=CCC/C(=C/C=O)/C)C,CC(C)CO,CC1=CNC2=CC=CC=C12,C1=COC(=C1)CS,C1CCC(CC1)O,CCCCCCCCCC(=O)OCC,CCCSCCC,CCCCCC(=O)O
AK135,CC(C)CC=O,CCC(=O)C(=O)C,C1CCC(C1)C(=O)O,CC1=NC=CN=C1C,CC1=CC[C@H](CC1)C(C)(C)O,CCOC(=O)C(C)C,C1=COC(=C1)CS,CC(C)CCCC(C)CCO,CCCCCCCCCC(=O)OCC,CCCC(=O)OCC
AK308,C1=COC(=C1)CS,CC(C)C1=CC=C(C=C1)CO,CCOC1=NC=CS1,CCCC(=O)OCC,CC(=C)OC(=O)C,,,,,
AK344,C1CCCC(=O)CC1,CC(=C)OC(=O)C,CCC/C=C/C=O,CCOC1=NC=CS1,C(CCN)CCO,,,,,
AK361,CCC(=O)C(=O)C,CC1=NC=CN=C1C,CC1=CC[C@H](CC1)C(C)(C)O,CC(C)C1=CC=C(C=C1)CO,CC(C)CO,CC1=CNC2=CC=CC=C12,CCOC(=O)C(C)C,CC(C)CCCC(C)CCO,CCCCCCCCCC(=O)OCC,CCCSCCC
AK366,CC(C)CC=O,CCC(=O)C(=O)C,CC1=NC=CN=C1C,CC1=CC[C@H](CC1)C(C)(C)O,CCC/C=C/C=O,CCC/C=C/CO,CC(=CCC/C(=C/C=O)/C)C,CC(C)CO,CCCCCC(=O)O,C1CCC(CC1)O
AK418,CCCCC(=O)OCC,CCCCCCCCS,CC(C)C1=CC=C(C=C1)C=O,C(CCN)CCO,CC(=C)OC(=O)C,,,,,
AK432,CC(C)CC=O,CC1=CC[C@H](CC1)C(C)(C)O,CCC/C=C/C=O,CCC/C=C/CO,CC(=CCC/C(=C/C=O)/C)C,CCOC(=O)C(C)C,C1CCC(C1)C(=O)O,CCCSCCC,CCCC(=O)OCC,CCCCCC(=O)O
AK436,C1CCC(C1)C(=O)O,CC1=NC=CN=C1C,CC(C)C1=CC=C(C=C1)CO,CC(=CCC/C(=C/C=O)/C)C,CCOC(=O)C(C)C,C1=COC(=C1)CS,CC(C)CCCC(C)CCO,C1CCC(CC1)O,CCCCCCCCCC(=O)OCC,CCCSCCC
AK455,CC(=C)OC(=O)C,CC(C)C1=CC=C(C=C1)CO,CCC/C=C/C=O,CC1C(=O)C(=C(O1)C)OC,C1=CC=C(C=C1)S,,,,,
AK477,C1CCCC(=O)CC1,CCCC(=O)OCC,CC(C)C1=CC=C(C=C1)CO,C(CCN)CCO,CCCCCCCCS,,,,,
AK488,C1=COC(=C1)CS,CSCCC=O,C1CCCC(=O)CC1,CCCCCCCCS,CCCC(=O)OCC,,,,,
AK494,CN(C)C.Cl,C1CCCC(=O)CC1,CC(C)C1=CC=C(C=C1)CO,CC/C=C\CC/C=C/C=O,CC(=C)OC(=O)C,,,,,
AK497,CC(C)CC=O,CC1=NC=CN=C1C,CCC/C=C/C=O,CCC/C=C/CO,CCCCCO,CC(=CCC/C(=C/C=O)/C)C,CC1=CNC2=CC=CC=C12,CCOC(=O)C(C)C,CCCCCC(=O)O,C1CCC(CC1)O
AK502,CCC(=O)C(=O)C,C1CCC(C1)C(=O)O,CCC/C=C/C=O,CCC/C=C/CO,CC(=CCC/C(=C/C=O)/C)C,CC(C)CO,CCOC(=O)C(C)C,CCCCCCCCCC(=O)OCC,CCCSCCC,CC(=C)OC(=O)C
AK530,CN(C)C.Cl,C1CCCC(=O)CC1,CCCCCCCCS,CCOC1=NC=CS1,CC/C=C\CC/C=C/C=O,,,,,
AK531,CCCCC(=O)OCC,CSCCC=O,CC(=C)OC(=O)C,CC(C)C1=CC=C(C=C1)C=O,CCCCCCCCS,,,,,
AK571,CN(C)C.Cl,C1CCCC(=O)CC1,CSCCC=O,CCC1=NC=CN=C1CC,CCC/C=C/C=O,,,,,
AK574,CCC/C=C/C=O,CC/C=C\CC/C=C/C=O,CCCC(=O)OCC,CC(C)C1=CC=C(C=C1)C=O,CC(=C)OC(=O)C,,,,,
AK602,CC(C)CC=O,CCC(=O)C(=O)C,CC1=NC=CN=C1C,CC1=CC[C@H](CC1)C(C)(C)O,CCC/C=C/C=O,CCCCCO,CC1=CNC2=CC=CC=C12,C1=COC(=C1)CS,CC(C)CCCC(C)CCO,C1CCC(CC1)O
AK697,CCC(=O)C(=O)C,C1CCC(C1)C(=O)O,CCCCCO,CC(=CCC/C(=C/C=O)/C)C,CC(C)CO,CCOC(=O)C(C)C,CC(C)CCCC(C)CCO,CCCCCC(=O)O,CCCSCCC,CC(=C)OC(=O)C
AK716,CC1=CSC=N1,CC(C)C1=CC=C(C=C1)C=O,CCC/C=C/C=O,CC1C(=O)C(=C(O1)C)OC,CC(=C)OC(=O)C,,,,,
AK717,CCCC(=O)OCC,CCC1=NC=CN=C1CC,CC(C)C1=CC=C(C=C1)CO,CC1C(=O)C(=C(O1)C)OC,CC/C=C\CC/C=C/C=O,,,,,
AK719,CCCCC(=O)OCC,CSCCC=O,CC(C)C1=CC=C(C=C1)C=O,C(CCN)CCO,CC(=C)OC(=O)C,,,,,
AK723,CCC(=O)C(=O)C,C1CCC(C1)C(=O)O,CCC/C=C/C=O,CCC/C=C/CO,CC(C)CO,CCOC(=O)C(C)C,C1CCC(CC1)O,CCCCCCCCCC(=O)OCC,CCCSCCC,CCCCCC(=O)O
AK727,CCCCC(=O)OCC,C1=COC(=C1)CS,C1CCCC(=O)CC1,CC1C(=O)C(=C(O1)C)OC,CCCC(=O)OCC,,,,,
AK739,CC(C)C1=CC=C(C=C1)CO,CC1C(=O)C(=C(O1)C)OC,C(CCN)CCO,CCCC(=O)OCC,CC(=C)OC(=O)C,,,,,
AK788,CC1=CSC=N1,CCCC(=O)OCC,CC(C)C1=CC=C(C=C1)CO,CC(C)C1=CC=C(C=C1)C=O,CCC/C=C/C=O,,,,,
AK814,CCC/C=C/C=O,CCCCCO,CC1=CNC2=CC=CC=C12,CCOC(=O)C(C)C,CC(C)CCCC(C)CCO,C1CCC(C1)C(=O)O,C1CCC(CC1)O,CCCCCCCCCC(=O)OCC,CCCC(=O)OCC,CCCCCC(=O)O
AK851,CC(C)CC=O,CCC(=O)C(=O)C,CC1=NC=CN=C1C,CC1=CC[C@H](CC1)C(C)(C)O,CCC/C=C/CO,CCCCCO,CC(=CCC/C(=C/C=O)/C)C,CC1=CNC2=CC=CC=C12,CCOC(=O)C(C)C,CCCCCC(=O)O
AK852,CCC(=O)C(=O)C,CC1=NC=CN=C1C,CCC/C=C/CO,CCCCCO,CC(=CCC/C(=C/C=O)/C)C,CC(C)CO,CC(C)CCCC(C)CCO,CCCCCCCCCC(=O)OCC,CCCSCCC,CC(=C)OC(=O)C
AK864,CC(C)C1=CC=C(C=C1)C=O,CCC1=NC=CN=C1CC,CC1C(=O)C(=C(O1)C)OC,C(CCN)CCO,CCCCCCCCS,,,,,
AK893,CCCC(=O)OCC,CSCCC=O,CCC/C=C/C=O,CC1C(=O)C(=C(O1)C)OC,CCCCCCCCS,,,,,
AK895,CC(C)CC=O,C1CCC(C1)C(=O)O,CC1=NC=CN=C1C,CCC/C=C/C=O,CCCCCO,CC(=CCC/C(=C/C=O)/C)C,CC1=CNC2=CC=CC=C12,C1=COC(=C1)CS,CCCCCC(=O)O,CC(=C)OC(=O)C
AK907,CN(C)C.Cl,C1CCCC(=O)CC1,CC(=C)OC(=O)C,CCC/C=C/C=O,CCOC1=NC=CS1,,,,,
AK942,CN(C)C.Cl,CCCC(=O)OCC,CC/C=C\CC/C=C/C=O,C(CCN)CCO,CC(=C)OC(=O)C,,,,,
AK971,CC(C)CC=O,C1CCC(C1)C(=O)O,CCC/C=C/C=O,CCC/C=C/CO,CC1=CNC2=CC=CC=C12,CCOC(=O)C(C)C,CC(C)CCCC(C)CCO,C1CCC(CC1)O,CCCCCCCCCC(=O)OCC,CCCCCC(=O)O
AK975,CN(C)C.Cl,CCCCC(=O)OCC,CC1=CSC=N1,C1CCCC(=O)CC1,CC1C(=O)C(=C(O1)C)OC,,,,,
AK977,CC1C(=O)C(=C(O1)C)OC,C1CCCC(=O)CC1,CC(C)C1=CC=C(C=C1)C=O,C(CCN)CCO,C1=CC=C(C=C1)S,,,,,
AK983,CC1=CSC=N1,CCCC(=O)OCC,CC1C(=O)C(=C(O1)C)OC,CC/C=C\CC/C=C/C=O,C(CCN)CCO,,,,,
AL047,CC(C)CC1=NC=CN=C1OC,CCCCCCCO,CCCCCN,CCCSCCC,CCCCCCC=O,,,,,
AL090,CC1=CN=C(C=N1)C,CC(C)C1=CC=C(C=C1)C=O,CCCCCCC=O,CCCCCC(=O)O,CN(C)CCC(=O)C1=CC=CC=C1.Cl,,,,,
AL100,CN1C=CC2=CC=CC=C21,CC/C=C\CCO,CN(C)CCC(=O)C1=CC=CC=C1.Cl,CC(C)CCC(=O)C,CCCCCC(=O)O,,,,,
AL112,CC1=CN=C(C=N1)C,CC(C)C1=CC=C(C=C1)C=O,CC/C=C\CCO,CC(C)C=O,CCCCCCC=O,,,,,
AL120,CN1C=CC2=CC=CC=C21,C1=CC=C(C=C1)OC2=CC=CC=C2,CC1=CN=C(C=N1)C,CC1=CC[C@H](CC1=O)C(=C)C,CCC/C=C/C(=O)O,CCCCOC(=O)C,CC(C)CC1=NC=CN=C1OC,C1=CC=C(C=C1)S,CCCCCCCO,CCCCCCC=O
AL137,CC1=CN=C(C=N1)C,COC1=CC=C(C=C1)CCN,CCC/C=C/C(=O)O,C1=CC=C(C=C1)OC2=CC=CC=C2,CCCC(=O)SC,CCCCOC(=O)C,C(CO)N,CC(C)CCCC(C)CCO,CC(C)CC1=NC=CN=C1OC,CN(C)CCC(=O)C1=CC=CC=C1.Cl
AL174,CC1=CN=C(C=N1)C,CCCCOC(=O)C,CC(C)C1=CC=C(C=C1)C=O,CC(C)CCC(=O)C,CCCCCN,,,,,
AL177,CC1=CN=C(C=N1)C,CCC1=NC=CN=C1C(=O)C,CCCCCCCO,C1=CC=C2C(=C1)C=CN2,CN(C)CCC(=O)C1=CC=CC=C1.Cl,,,,,
AL200,CN1C=CC2=CC=CC=C21,COC1=CC=C(C=C1)CCN,CCCCCCCO,CCCSCCC,CCCCCC(=O)O,,,,,
AL231,CN1C=CC2=CC=CC=C21,CCC1=NC=CN=C1CC,CC1=CN=C(C=N1)C,CC1=CC[C@H](CC1=O)C(=C)C,CCC/C=C/C(=O)O,C1=CC=C(C=C1)S,CC(C)CCC(=O)C,CCCCCCCO,CCCCCCC=O,C1=CC=C(C=C1)OC2=CC=CC=C2
AL268,CC1=CN=C(C=N1)C,CC(C)CC1=NC=CN=C1OC,CC(C)C1=CC=C(C=C1)C=O,CC(C)C=O,CCC1=NC=CN=C1C(=O)C,,,,,
AL280,CC1=CN=C(C=N1)C,COC1=CC=C(C=C1)CCN,C1=CC=C(C=C1)OC2=CC=CC=C2,CC(C)C=O,CN(C)CCC(=O)C1=CC=CC=C1.Cl,,,,,
AL310,C1=CC=C(C=C1)OC2=CC=CC=C2,CC1=CN=C(C=N1)C,CCCCCC(=O)O,CCC/C=C/C(=O)O,CCC1=NC=CN=C1C(=O)C,C(CO)N,CC(=C)OC(=O)C,C1=CC=C(C=C1)S,CCCCCCCO,CC(C)C=O
AL334,C1=CC=C(C=C1)OC2=CC=CC=C2,CC1=CN=C(C=N1)C,CC(C)C1=CC=C(C=C1)C=O,CCCC(=O)SC,CCCCOC(=O)C,CC(C)CCCC(C)CCO,CCCCCCCO,CCCCCCC=O,CC/C=C\CCO,CC(C)CC1=NC=CN=C1OC
AL360,CCCCOC(=O)C,CCCCCCCO,C1=CC=C(C=C1)OC2=CC=CC=C2,CCCCCN,CN(C)CCC(=O)C1=CC=CC=C1.Cl,,,,,
AL378,CN1C=CC2=CC=CC=C21,CC1=CN=C(C=N1)C,CC(C)C1=CC=C(C=C1)C=O,CC1=CC[C@H](CC1=O)C(=C)C,CCCCCC(=O)O,CCCCOC(=O)C,CC(=C)OC(=O)C,CCCCCCC(=O)C,CCCCCCCO,C1=CC=C(C=C1)OC2=CC=CC=C2
AL388,CC1=CN=C(C=N1)C,CCCCOC(=O)C,COC1=CC=C(C=C1)CCN,CN(C)CCC(=O)C1=CC=CC=C1.Cl,C1=CC=C2C(=C1)C=CN2,,,,,
AL389,CC(C)CC1=NC=CN=C1OC,CC(C)C1=CC=C(C=C1)C=O,CN(C)CCC(=O)C1=CC=CC=C1.Cl,CC(C)C=O,C1=CC=C2C(=C1)C=CN2,,,,,
AL397,CN1C=CC2=CC=CC=C21,CC1=CN=C(C=N1)C,CC(C)CC1=NC=CN=C1OC,C1=CC=C2C(=C1)C=CN2,CCCSCCC,,,,,
AL402,C1=CC=C(C=C1)OC2=CC=CC=C2,CN(C)CCC(=O)C1=CC=CC=C1.Cl,CCC1=NC=CN=C1C(=O)C,CC(C)C=O,CCCCCN,,,,,
AL409,CN1C=CC2=CC=CC=C21,CCC1=NC=CN=C1CC,CC(C)C1=CC=C(C=C1)C=O,C(CO)N,CCCC(=O)SC,CCCCOC(=O)C,CC(C)CC1=NC=CN=C1OC,CCCCCCC(=O)C,CCCCCCC=O,CN(C)CCC(=O)C1=CC=CC=C1.Cl
AL415,CCCCOC(=O)C,CC(C)C1=CC=C(C=C1)C=O,CN(C)CCC(=O)C1=CC=CC=C1.Cl,CCC1=NC=CN=C1C(=O)C,CC(C)C=O,,,,,
AL417,CC1=CN=C(C=N1)C,CC(C)C1=CC=C(C=C1)C=O,CC1=CC[C@H](CC1=O)C(=C)C,CCCC(=O)SC,CCCCOC(=O)C,CC/C=C\CCO,CC(C)CCCC(C)CCO,C1=CC=C(C=C1)S,CCCCCCC(=O)C,CN(C)CCC(=O)C1=CC=CC=C1.Cl
AL426,CN1C=CC2=CC=CC=C21,CN(C)CCC(=O)C1=CC=CC=C1.Cl,CCC1=NC=CN=C1C(=O)C,C1=CC=C2C(=C1)C=CN2,CCCCCN,,,,,
AL453,CC1=CN=C(C=N1)C,CCCCOC(=O)C,CC(C)C1=CC=C(C=C1)C=O,CC(C)C=O,C1=CC=C2C(=C1)C=CN2,,,,,
AL454,CN1C=CC2=CC=CC=C21,COC1=CC=C(C=C1)CCN,CCC/C=C/C(=O)O,CN(C)CCC(=O)C1=CC=CC=C1.Cl,CCC1=NC=CN=C1C(=O)C,CCCCOC(=O)C,C(CO)N,CC(C)CCCC(C)CCO,CCCCCCC(=O)C,CCCCCCCO
AL508,CCCCOC(=O)C,CC(C)CC1=NC=CN=C1OC,CC(C)C=O,C1=CC=C(C=C1)OC2=CC=CC=C2,CCCCCCC=O,,,,,
AL520,COC1=CC=C(C=C1)CCN,CCCC(=O)SC,C1=CC=C(C=C1)OC2=CC=CC=C2,CCCCCN,CN(C)CCC(=O)C1=CC=CC=C1.Cl,,,,,
AL538,CN1C=CC2=CC=CC=C21,CCCCOC(=O)C,CC(C)CCC(=O)C,CCCCCCC=O,CCCCCC(=O)O,,,,,
AL541,CN1C=CC2=CC=CC=C21,C1=CC=C(C=C1)OC2=CC=CC=C2,CCC1=NC=CN=C1CC,CC1=CN=C(C=N1)C,CC1=CC[C@H](CC1=O)C(=C)C,CCC/C=C/C(=O)O,C(CO)N,CCCC(=O)SC,CC(=C)OC(=O)C,CC(C)C=O
AL542,CC1=CN=C(C=N1)C,CN(C)CCC(=O)C1=CC=CC=C1.Cl,CCC1=NC=CN=C1C(=O)C,C1=CC=C(C=C1)OC2=CC=CC=C2,CCCCCN,,,,,
AL581,CC(C)CC1=NC=CN=C1OC,CC/C=C\CCO,CCCCCCCO,CCCCCN,CN(C)CCC(=O)C1=CC=CC=C1.Cl,,,,,
AL612,CCCCOC(=O)C,CC(C)C1=CC=C(C=C1)C=O,CCC1=NC=CN=C1C(=O)C,C1=CC=C(C=C1)OC2=CC=CC=C2,CCCCCN,,,,,
AL613,CC(C)CC1=NC=CN=C1OC,CN(C)CCC(=O)C1=CC=CC=C1.Cl,C1=CC=C(C=C1)OC2=CC=CC=C2,CCCSCCC,CCCCCC(=O)O,,,,,
AL650,CN1C=CC2=CC=CC=C21,C1=CC=C(C=C1)OC2=CC=CC=C2,CCC1=NC=CN=C1CC,CC1=CN=C(C=N1)C,CC(C)C1=CC=C(C=C1)C=O,CC1=CC[C@H](CC1=O)C(=C)C,CCCCCC(=O)O,CN(C)CCC(=O)C1=CC=CC=C1.Cl,CCCC(=O)SC,CC(C)CCC(=O)C
AL657,CN1C=CC2=CC=CC=C21,CCC1=NC=CN=C1CC,CC1=CN=C(C=N1)C,CC(C)C1=CC=C(C=C1)C=O,CC1=CC[C@H](CC1=O)C(=C)C,COC1=CC=C(C=C1)CCN,CC/C=C\CCO,CCCCCCC(=O)C,CCCCCCCO,C1=CC=C(C=C1)OC2=CC=CC=C2
AL679,CN1C=CC2=CC=CC=C21,C1=CC=C(C=C1)OC2=CC=CC=C2,CCC/C=C/C(=O)O,CCCC(=O)SC,C(CO)N,CC(C)CCCC(C)CCO,C1=CC=C(C=C1)S,CC(C)CCC(=O)C,CCCCCCC=O,CN(C)CCC(=O)C1=CC=CC=C1.Cl
AL694,CN1C=CC2=CC=CC=C21,CCC1=NC=CN=C1CC,CC(C)C=O,COC1=CC=C(C=C1)CCN,CCCCOC(=O)C,CC(C)CCCC(C)CCO,CC(=C)OC(=O)C,CCCCCCC(=O)C,CCCCCCCO,CCCCCCC=O
AL705,CCCCOC(=O)C,CN(C)CCC(=O)C1=CC=CC=C1.Cl,CCC1=NC=CN=C1C(=O)C,C1=CC=C2C(=C1)C=CN2,CCCCCN,,,,,
AL728,CC(C)CC1=NC=CN=C1OC,C1=CC=C(C=C1)OC2=CC=CC=C2,CCCCCN,CCCCCCC=O,CN(C)CCC(=O)C1=CC=CC=C1.Cl,,,,,
AL790,CCCCOC(=O)C,CC(C)C1=CC=C(C=C1)C=O,CC(C)C=O,CC(C)CCC(=O)C,CN(C)CCC(=O)C1=CC=CC=C1.Cl,,,,,
AL806,C1=CC=C(C=C1)OC2=CC=CC=C2,C1=CC=C2C(=C1)C=CN2,CC(C)CCC(=O)C,CCCCCCC=O,CN(C)CCC(=O)C1=CC=CC=C1.Cl,,,,,
AL822,C1=CC=C(C=C1)OC2=CC=CC=C2,CCC/C=C/C(=O)O,CCC1=NC=CN=C1C(=O)C,CCCCOC(=O)C,CC(C)CCCC(C)CCO,C1=CC=C(C=C1)S,CCCCCCCO,CCCCCCC=O,CC/C=C\CCO,CN(C)CCC(=O)C1=CC=CC=C1.Cl
AL860,CN1C=CC2=CC=CC=C21,COC1=CC=C(C=C1)CCN,C1=CC=C(C=C1)OC2=CC=CC=C2,CC(C)C=O,CCCCCCC=O,,,,,
AL869,CCC1=NC=CN=C1CC,CC1=CN=C(C=N1)C,COC1=CC=C(C=C1)CCN,CCCC(=O)SC,CCCCOC(=O)C,C(CO)N,CC(=C)OC(=O)C,CC(C)CC1=NC=CN=C1OC,CCCCCCC(=O)C,CCCCCCCO
AL883,C1=CC=C(C=C1)OC2=CC=CC=C2,CCC1=NC=CN=C1CC,CC1=CC[C@H](CC1=O)C(=C)C,COC1=CC=C(C=C1)CCN,CCC/C=C/C(=O)O,CCC1=NC=CN=C1C(=O)C,C(CO)N,C1=CC=C(C=C1)S,CC(C)CCC(=O)C,CCCCCCCO
AL933,CN1C=CC2=CC=CC=C21,CC(C)C1=CC=C(C=C1)C=O,CC1=CC[C@H](CC1=O)C(=C)C,CCC/C=C/C(=O)O,CC(C)C=O,CC(C)CCCC(C)CCO,CC(=C)OC(=O)C,CC(C)CCC(=O)C,CCCCCCCO,CCCCCCC=O
AL944,CN1C=CC2=CC=CC=C21,C1=CC=C(C=C1)OC2=CC=CC=C2,CC1=CC[C@H](CC1=O)C(=C)C,COC1=CC=C(C=C1)CCN,CCCC(=O)SC,CC(C)CCCC(C)CCO,CC(C)CC1=NC=CN=C1OC,CCCCCCC=O,CC/C=C\CCO,CN(C)CCC(=O)C1=CC=CC=C1.Cl
AL950,CN1C=CC2=CC=CC=C21,CC1=CN=C(C=N1)C,CCCC(=O)SC,CCCCOC(=O)C,CC/C=C\CCO,C1=CC=C(C=C1)S,CCCCCCC(=O)C,CCCCCCCO,CCCCCCC=O,C1=CC=C(C=C1)OC2=CC=CC=C2
AL973,CN1C=CC2=CC=CC=C21,COC1=CC=C(C=C1)CCN,CC/C=C\CCO,CC(C)C=O,CN(C)CCC(=O)C1=CC=CC=C1.Cl,,,,,
AM019,C1CCCC(=O)CC1,CCOC1=NC=CN=C1,COC1=C(C=CC(=C1)CC=C)O,CCCCCC/C=C\CO,CC(=O)C1=CC=CS1,CC1=CCC(CC1OC(=O)C)C(=C)C,CCOC(=O)C(C)O,CC(C)CC(=O)C,C1=CC=C(C=C1)S,CCCCCC(=O)O
AM043,CC(C)C1=CC=C(C=C1)CO,CC1=CC=CC=C1,CC1COCC2=CC3=C(C=C12)C(C(C3(C)C)C)(C)C,C1=CC=C(C=C1)S,CC(=CC(=O)C)C,,,,,
AM064,CC(C1CCCCC1)OC(=O)C,CCCCCCCC(C)O,CCCCCC(=O)OCC,CC(C1CC1)O,CCCCCC(=O)O,,,,,
AM082,CCCCC(=O)OCC,CC(C)CC=O,CCC(CC)(CC)O,CC1=CN=C(C=N1)C,COC(=O)C1=CC=CC=C1,CCCC(=O)OCC,C[C@@H](CCC=C(C)C)CCO,CC(C1CC1)O,CCCCCC(=O)C,CCCCCC(=O)O
AM103,CCCCC(=O)OCC,CCCCCOC(=O)CCC,CCCC(=O)OC,CC1=CC=C(O1)C(=O)C,C=CCSSCC=C,CC1=CN=C(C=N1)C,CCOC(=O)C(C)O,CC(C1CC1)O,CSC(=C[N+](=O)[O-])SC,CCCCCC(=O)O
AM104,CC1=CC=CC=C1,C1=CN(C=C1)CC2=CC=CO2,CC1=CN=C(C=N1)C,CC1=CC[C@H](CC1=O)C(=C)C,CC1=CC(=C(O1)C)C(=O)C,CCCC(=O)SC,CC1=CCC(CC1OC(=O)C)C(=C)C,COC1=CC=CC=C1O,CCOC(C)OCC,CCCCCC(=O)C
AM131,CCCCCC(=O)OCCCCC,CC(C)C(=O)C,CC(C)CC=O,C[C@@H](CCC=C(C)C)CCO,CC(C)CC(=O)C,,,,,
AM172,COC(=O)C1=CC=CC=C1O,CC[C@H](C1=CC=CC=C1)N,CCCC(=O)SC,CCC1=CC(=C(C=C1)O)OC,CC(=O)C1=CC=CC=C1,,,,,
AM182,CCCCC(=O)OCC,CCCCCC(=O)OCCCCC,CC(C)C(=O)C,CCCCC(=O)OC,C1=CC=C(C=C1)S,,,,,
AM206,CC(C)C1=CC=C(C=C1)CO,CC1=CN=C(C=N1)C,COC(=O)C1=CC=CC=C1O,COC(=O)C1=CC=CC=C1,CCOC(=O)C(C)O,,,,,
AM212,CCCCC(=O)OCC,CCCCCCCC(C)O,CC1=CC=C(O1)C(=O)C,CC1=CN=C(C=N1)C,CCOC(=O)C(C)O,CCCCCOC(=O)CCC,C[C@@H](CCC=C(C)C)CCO,CC(C1CC1)O,CSC(=C[N+](=O)[O-])SC,CC(=CC(=O)C)C
AM221,CC(C)C1=CC=C(C=C1)CO,CC(C1CCCCC1)OC(=O)C,CCCCC(C)O,CC1COCC2=CC3=C(C=C12)C(C(C3(C)C)C)(C)C,CC(=O)C1=CC=CS1,,,,,
AM281,C1CCCC(=O)CC1,CC1COCC2=CC3=C(C=C12)C(C(C3(C)C)C)(C)C,COC1=C(C=CC(=C1)CC=C)O,CC/C=C\CCCCC=O,CCCCCC/C=C\CO,CC1=CCC(CC1OC(=O)C)C(=C)C,CCCC(=O)OCC,CC(C)CC(=O)C,CCOC=O,CCCCCC(=O)O
AM286,CCCCCC(=O)OCCCCC,CC(C)CC=O,CC1=CC=C(O1)C(=O)C,CC1=CN=C(C=N1)C,CCOC(=O)C(C)O,CCCC(=O)OCC,C[C@@H](CCC=C(C)C)CCO,CCCCCC(=O)C,CSC(=C[N+](=O)[O-])SC,CC(=CC(=O)C)C
AM311,CCCCCC(=O)OCCCCC,CC1=CN=C(C=N1)C,CC[C@H](C1=CC=CC=C1)N,C[C@@H](CCC=C(C)C)CCO,CSC(=C[N+](=O)[O-])SC,,,,,
AM349,CC(C)C1=CC=C(C=C1)CO,CC1COCC2=CC3=C(C=C12)C(C(C3(C)C)C)(C)C,COC1=C(C=CC(=C1)CC=C)O,CC/C=C\CCCCC=O,COC1=C(C=C(C=C1)CC=C)OC,CC1=CCC(CC1OC(=O)C)C(=C)C,CCCC(=O)OCC,CC(C)CC(=O)C,C1=CC=C(C=C1)S,CCOC=O
AM361,CCCCC(=O)OC,CCCCCC/C=C\CO,CCC1=CC(=C(C=C1)O)OC,C=CCC1CCCCC1=O,CC1CCC(=O)O1,,,,,
AM414,CCCCCOC(=O)CCC,CC1=CC=CC=C1,CC(C1CCCCC1)OC(=O)C,CCC(CC)(CC)O,C1=CN(C=C1)CC2=CC=CO2,CC1=CC(=C(O1)C)C(=O)C,CCCC(=O)SC,CC(=CCCC(C)(C=C)O)C,CC1=CCC(CC1OC(=O)C)C(=C)C,CCCCCC(=O)C
AM430,CCCCCC(=O)OCCCCC,CC(C)C1=CC=C(C=C1)CO,CCCCC(=O)OC,C=CCC1CCCCC1=O,CC1CCC(=O)O1,,,,,
AM431,C1CCCC(=O)CC1,CC(C)C1=CC=C(C=C1)CO,CCCC(=O)OC,C=CCSSCC=C,CCCCCC(=O)O,CCCCCOC(=O)CCC,CC(=O)C1=CC=CS1,C[C@@H](CCC=C(C)C)CCO,C1=CC=C(C=C1)S,CC(=O)C1=CN=CC=C1
AM435,CCCCC(=O)OCC,CCCCCOC(=O)CCC,CC1=CC=CC=C1,CC(C1CCCCC1)OC(=O)C,CCC(CC)(CC)O,CC1=CC[C@H](CC1=O)C(=C)C,CC1=CC(=C(O1)C)C(=O)C,CC(=CCCC(C)(C=C)O)C,COC1=CC=CC=C1O,CC1=CCC(CC1OC(=O)C)C(=C)C
AM451,CC(C)C1=CC=C(C=C1)CO,CC1=CC=CC=C1,CCCCCCCC(C)O,CCCCCC(=O)OCC,CC(=O)C1=CC=CC=C1,,,,,
AM456,CCCCCC1CCCC(=O)O1,COC(=O)C1=CC=CC=C1O,CC[C@H](C1=CC=CC=C1)N,CC1CCC(=O)O1,CCCCCC(=O)C,,,,,
AM461,CC(C)C1=CC=C(C=C1)CO,CC1COCC2=CC3=C(C=C12)C(C(C3(C)C)C)(C)C,CC1=CN=C(C=N1)C,CC1=CC(=C(O1)C)C(=O)C,CCCCCC(=O)OCCCCC,,,,,
AM483,CC1=CC=CC=C1,COC1=C(C=C(C=C1)CC=C)OC,COC(=O)C1=CC=CC=C1,C[C@@H](CCC=C(C)C)CCO,CCCCCC(=O)O,,,,,
AM516,CC(C)C1=CC=C(C=C1)CO,CC(C1CCCCC1)OC(=O)C,COC1=C(C=C(C=C1)CC=C)OC,CC(=CC(=O)C)C,CCCCCC(=O)O,,,,,
AM518,COC(=O)C1=CC=CC=C1O,CC1=CC(=C(O1)C)C(=O)C,CCOC(C)OCC,C=CCC1CCCCC1=O,CC(=CC(=O)C)C,,,,,
AM523,CC(C)CC=O,COC(=O)C1=CC=CC=C1O,CC/C=C\CCCCC=O,CCOC(C)OCC,CC1CCC(=O)O1,,,,,
AM571,CC1=CC=CC=C1,CCC(CC)(CC)O,CC1=CN=C(C=N1)C,CC1=CC[C@H](CC1=O)C(=C)C,CC1COCC2=CC3=C(C=C12)C(C(C3(C)C)C)(C)C,,,,,
AM586,CCCCC(C)O,CC1CCC(=O)O1,CC1=CN=C(C=N1)C,CCCCCC/C=C\CO,C[C@@H](CCC=C(C)C)CCO,,,,,
AM654,CC(C)C1=CC=C(C=C1)CO,CC(C)C(=O)C,CCOC1=NC=CN=C1,CCOC(C)OCC,C=CCC1CCCCC1=O,,,,,
AM706,CCCCCCCC(C)O,CCCCCC/C=C\CO,CCCC(=O)SC,C[C@@H](CCC=C(C)C)CCO,CCCCCC(=O)C,,,,,
AM715,CC(C1CCCCC1)OC(=O)C,C1=CN(C=C1)CC2=CC=CO2,CC1=CN=C(C=N1)C,COC1=CC=CC=C1O,CCCC(=O)SC,CC(=CCCC(C)(C=C)O)C,CC1=CCC(CC1OC(=O)C)C(=C)C,CC(=O)C1=CC=CC=C1,CCOC(C)OCC,CCCCCC(=O)C
AM782,CC1COCC2=CC3=C(C=C12)C(C(C3(C)C)C)(C)C,CCOC1=NC=CN=C1,CC/C=C\CCCCC=O,CCCCCC/C=C\CO,COC1=C(C=C(C=C1)CC=C)OC,CC1=CCC(CC1OC(=O)C)C(=C)C,CCOC(=O)C(C)O,CC(C)CC(=O)C,C1=CC=C(C=C1)S,CCOC=O
AM792,CC[C@H](C1=CC=CC=C1)N,CCC1=CC(=C(C=C1)O)OC,CCOC(=O)C(C)O,CC1CCC(=O)O1,CC1COCC2=CC3=C(C=C12)C(C(C3(C)C)C)(C)C,,,,,
AM796,CCCC(=O)OC,COC(=O)C1=CC=CC=C1O,CCCC(=O)SC,CCC1=CC(=C(C=C1)O)OC,CC(=O)C1=CC=CC=C1,,,,,
AM810,CC(C)C1=CC=C(C=C1)CO,CCC(CC)(CC)O,CCCCCC1CCCC(=O)O1,CCC1=CC(=C(C=C1)O)OC,CC1COCC2=CC3=C(C=C12)C(C(C3(C)C)C)(C)C,,,,,
AM840,C1CCCC(=O)CC1,CC1COCC2=CC3=C(C=C12)C(C(C3(C)C)C)(C)C,CC(C)C1=CC=C(C=C1)CO,CC1=CC[C@H](CC1=O)C(=C)C,CC1=CC(=C(O1)C)C(=O)C,CCCCCOC(=O)CCC,CC(=O)C1=CC=CS1,C1=CC=C(C=C1)S,CCCCCC(=O)O,CC(=O)C1=CN=CC=C1
AM881,CCCCC(=O)OCC,CCCCCC1CCCC(=O)O1,C[C@@H](CCC=C(C)C)CCO,C=CCC1CCCCC1=O,CC1CCC(=O)O1,,,,,
AM882,CCCCC(=O)OCC,CCCCCC(=O)OCCCCC,CC(C)CC=O,CCC(CC)(CC)O,CCCCCCCC(C)O,CC1=CN=C(C=N1)C,CCOC(=O)C(C)O,CCCC(=O)OCC,C[C@@H](CCC=C(C)C)CCO,CC(C1CC1)O
AM907,CC1COCC2=CC3=C(C=C12)C(C(C3(C)C)C)(C)C,CC1=CC[C@H](CC1=O)C(=C)C,CC/C=C\CCCCC=O,CCC1=NC=CN=C1C(=O)C,C1=CC=C(C=C1)S,,,,,
AM911,C1CCCC(=O)CC1,CC(C)C1=CC=C(C=C1)CO,CCCC(=O)OC,CC1COCC2=CC3=C(C=C12)C(C(C3(C)C)C)(C)C,C=CCSSCC=C,CC1=CC(=C(O1)C)C(=O)C,CCC1=NC=CN=C1C(=O)C,CCCCCOC(=O)CCC,CC(=O)C1=CC=CS1,CC(=O)C1=CN=CC=C1
AM940,C1CCCC(=O)CC1,CC(C)C1=CC=C(C=C1)CO,CC1=CCC(CC1OC(=O)C)C(=C)C,CCCCCC(=O)OCCCCC,CCCC(=O)OCC,CC(C)CC(=O)C,C1=CC=C(C=C1)S,CCOC=O,CSC(=C[N+](=O)[O-])SC,CCCCCC(=O)O
AM942,CCCCC(=O)OC,CCCCCCCC(C)O,CC[C@H](C1=CC=CC=C1)N,CCCCCC1CCCC(=O)O1,C1=CC=C(C=C1)S,,,,,
AM943,CC(C)C1=CC=C(C=C1)CO,CCCCC(C)O,CC1=CN=C(C=N1)C,CC1=CC(=C(O1)C)C(=O)C,CCCCCC(=O)O,,,,,
AM944,CCCCC(=O)OCC,CCCCCOC(=O)CCC,CC1=CC=CC=C1,CCC(CC)(CC)O,CC1=CC[C@H](CC1=O)C(=C)C,COC1=CC=CC=C1O,CC1=CC(=C(O1)C)C(=O)C,CC(=CCCC(C)(C=C)O)C,CCOC=O,CCCCCC(=O)C
AM966,CC1COCC2=CC3=C(C=C12)C(C(C3(C)C)C)(C)C,CC1=CC[C@H](CC1=O)C(=C)C,CC/C=C\CCCCC=O,CCOC(C)OCC,CC(=CC(=O)C)C,,,,,
AM969,CC(C)C1=CC=C(C=C1)CO,CCCC(=O)OC,CC1COCC2=CC3=C(C=C12)C(C(C3(C)C)C)(C)C,C=CCSSCC=C,CC1=CC(=C(O1)C)C(=O)C,CCCCCOC(=O)CCC,C[C@@H](CCC=C(C)C)CCO,CCCCCC(=O)O,COC1=CC=CC=C1O,CC(=O)C1=CN=CC=C1
AM990,CC1=CC=CC=C1,CCCCCC(=O)OCC,C[C@@H](CCC=C(C)C)CCO,CC(=CC(=O)C)C,CCCCCC(=O)O,,,,,
AM997,C1CCCC(=O)CC1,CC(C)C1=CC=C(C=C1)CO,CCCCCOC(=O)CCC,C=CCSSCC=C,CC1=CC(=C(O1)C)C(=O)C,CCC1=NC=CN=C1C(=O)C,C[C@@H](CCC=C(C)C)CCO,CCCCCC(=O)O,COC1=CC=CC=C1O,CC(=O)C1=CN=CC=C1
AN087,CCCCC(=O)OCC,CC(=O)C1=CC=CC=N1,COC(=O)C1=CC=CC=C1O,C/C/1=C\CCC(=C)[C@H]2CC([C@@H]2CC1)(C)C,CC(=CCCC(C)(C=C)O)C,CC1=CC(=C(C=C1)C(C)C)O,COC1=C(C=C(C=C1)CC=C)OC,CC1=CCC(CC1OC(=O)C)C(=C)C,CCC(=O)OCC,CC(=O)OCC1=CC=CC=C1
AN095,CC(C)C(=O)C,CC(=O)C1=CC=CC=N1,COC(=O)C1=CC=CC=C1O,COC1=CC=CC=C1O,CC1=CC(=C(C=C1)C(C)C)O,COC1=C(C=C(C=C1)CC=C)OC,CC1=CCC(CC1OC(=O)C)C(=C)C,CCOC(=O)C(C)O,CCC(=O)OCC,CC(=CC(=O)C)C
AN132,CCOC(=O)C(C)C,,,,,,,,,
AN176,C1CCC(C1)/C=C/C#N,CCC(=O)OCC,CC1CCC(=O)O1,CC(=CC(=O)C)C,C1=CN=CC=N1,,,,,
AN243,CC(C1CCCCC1)OC(=O)C,C=CCSSCC=C,CSCCC=O,CCOC1=NC=CN=C1,CCCCCC(=O)OCC,COC1=CC=CC=C1O,COC(=O)C1=CC=CC=C1,CCC(=O)OCC,C[C@@H](CCC=C(C)C)CCO,CC(=O)OCC1=CC=CC=C1
AN268,CCCCCOC(=O)CCC,CC1CCC(=O)O1,CC(C)C(=O)C,CCC(CC)(CC)O,CC(=O)C1=CC=CC=N1,CC1=CC=C(O1)C(=O)C,C1CCC(C1)/C=C/C#N,COC1=CC=CC=C1O,CCC1=CC(=C(C=C1)O)OC,CSC(=C[N+](=O)[O-])SC
AN301,CC(C)C(=O)C,CCCCC(=O)OC,CC1=CC=C(O1)C(=O)C,C1CCC(C1)/C=C/C#N,C/C/1=C\CCC(=C)[C@H]2CC([C@@H]2CC1)(C)C,CCCCCC/C=C\CO,CCC(=O)OCC,CCCC(=O)OCCC,COC1=CC=CC=C1O,CC(=O)C1=CN=CC=C1
AN303,CCCCC(=O)OCC,CC(C)C(=O)C,CC(=O)C1=CC=CC=N1,COC(=O)C1=CC=CC=C1O,CC1=CC(=C(C=C1)C(C)C)O,COC1=C(C=C(C=C1)CC=C)OC,CCOC(=O)C(C)O,COC1=CC=CC=C1O,CC1CCC(=O)O1,CC(=CC(=O)C)C
AN307,CC(C)C(=O)C,CSCCC=O,CCOC1=NC=CN=C1,COC1=CC=CC=C1O,C/C/1=C\CCC(=C)[C@H]2CC([C@@H]2CC1)(C)C,COC(=O)C1=CC=CC=C1,CCC(=O)OCC,CCCC(=O)OCCC,C[C@@H](CCC=C(C)C)CCO,CC(=O)OCC1=CC=CC=C1
AN368,CC/C=C\CCC=O,CC/C=C\CC/C=C/C=O,,,,,,,,
AN446,CC1CCC(=O)O1,CC1=CCC(CC1OC(=O)C)C(=C)C,CCOC(C)OCC,CC(=CC(=O)C)C,CCCCCC(=O)O,,,,,
AN479,CC(C)C(=O)C,CC1=CC=C(O1)C(=O)C,C=CCSSCC=C,CC1=CCC(CC1OC(=O)C)C(=C)C,CCOC(C)OCC,,,,,
AN561,CC(C)C(=O)C,CC(=O)C1=CC=CC=N1,COC(=O)C1=CC=CC=C1O,C/C/1=C\CCC(=C)[C@H]2CC([C@@H]2CC1)(C)C,CCCC(=O)SC,CC(=CCCC(C)(C=C)O)C,CC1=CCC(CC1OC(=O)C)C(=C)C,CCOC(=O)C(C)O,CCCC(=O)OCC,CCCC(=O)OCCC
AN565,CCCCC(=O)OC,CC1=CC=C(O1)C(=O)C,C1=CN(C=C1)CC2=CC=CO2,C1CCC(C1)/C=C/C#N,C/C/1=C\CCC(=C)[C@H]2CC([C@@H]2CC1)(C)C,CCCCCC/C=C\CO,CC1=CC(=C(C=C1)C(C)C)O,CC(=O)OCC1=CC=CC=C1,CCCCCC(=O)C,COC1=CC=CC=C1O
AN739,COC1=CC=CC=C1O,CCC1=NC=CN=C1C(=O)C,CC1=CC(=C(C=C1)C(C)C)O,COC1=C(C=C(C=C1)CC=C)OC,CC(=O)OCC1=CC=CC=C1,,,,,
AN802,C=CCSSCC=C,CSCCC=O,C1CCC(C1)/C=C/C#N,CC1=CCC(CC1OC(=O)C)C(=C)C,CC1CCC(=O)O1,,,,,
AN885,COC1=C(C=CC(=C1)CC=C)O,COC(=O)C1=CC=CC=C1O,,,,,,,,
AN890,CCCCCCC1CCC(=O)O1,,,,,,,,,
AN955,COC1=CC=CC=C1O,COC(=O)C1=CC=CC=C1,CCC(=O)OCC,C[C@@H](CCC=C(C)C)CCO,CC(C1CC1)O,,,,,
AN983,CCCCCC1CCCC(=O)O1,,,,,,,,,
AO006,CC(C1CCCCC1)OC(=O)C,CCCCCCCC(C)O,CCCCCCC1CCC(=O)O1,CSCCC=O,COC1=C(C=CC(=C1)CC=C)O,,,,,
AO016,C[C@@H](CCC=C(C)C)CCO,,,,,,,,,
AO033,CC(C)C(=O)C,CCC(CC)(CC)O,CC(C)(C)CC(=O)O,CC(C)C1=CC=C(C=C1)CO,C/C/1=C\CCC(=C)[C@H]2CC([C@@H]2CC1)(C)C,CCCCCC/C=C\CO,CCC1=CC(=C(C=C1)O)OC,CC(CCCC(C)(C)O)CC=O,CC(C1CC1)O,CC1CCC(=O)O1
AO055,CCCCC(=O)OCC,CCCCCC(=O)OCCCCC,CC(C)C(=O)C,C/C/1=C\CCC(=C)[C@H]2CC([C@@H]2CC1)(C)C,CCCC(=O)SC,CC1=CCC(CC1OC(=O)C)C(=C)C,COC1=CC=CC=C1O,CCCC(=O)OCC,CC1CCC(=O)O1,CC(=CC(=O)C)C
AO060,CC(C)CC=O,CCCC(=O)OC,CC(C)(C)CC(=O)O,C1=CN(C=C1)CC2=CC=CO2,CC1=CN=C(C=N1)C,COC1=CC=CC=C1O,C/C/1=C\CCC(=C)[C@H]2CC([C@@H]2CC1)(C)C,CCC1=NC=CN=C1C(=O)C,CC(CCCC(C)(C)O)CC=O,CC(C1CC1)O
AO074,CCCCCOC(=O)CCC,CCC(CC)(CC)O,CC(C)(C)CC(=O)O,CC(=O)C1=CC=CC=N1,CC1CCC(=O)O1,COC1=CC=CC=C1O,CCC1=CC(=C(C=C1)O)OC,CC(=CCCC(C)(C=C)O)C,CCC(=O)OCC,C1=CN=CC=N1
AO080,CC(C1CCCCC1)OC(=O)C,CC1=CCC(CC1OC(=O)C)C(=C)C,CCCC(=O)OCC,CCOC(C)OCC,CCCCCC(=O)O,,,,,
AO083,CCCCCC(=O)OCCCCC,CC(C)C(=O)C,C=CCSSCC=C,CC1=CC[C@H](CC1=O)C(=C)C,CC(=O)OCC1=CC=CC=C1,,,,,
AO091,CCCCCCCC(C)O,CCOC1=NC=CN=C1,CC1=CC[C@H](CC1=O)C(=C)C,CC1CCC(=O)O1,CCOC(=O)C(C)O,,,,,
AO180,CCCCCC(=O)OCCCCC,CCCCCOC(=O)CCC,CC(C1CCCCC1)OC(=O)C,CC(=CCCC(C)(C=C)O)C,CC1CCC(=O)O1,,,,,
AO208,CC(C1CCCCC1)OC(=O)C,CC1=CC=C(O1)C(=O)C,C=CCSSCC=C,CCCC(=O)SC,CCCCCC(=O)O,,,,,
AO235,CCCCC(=O)OCC,CCCCC(=O)OC,C1=CN(C=C1)CC2=CC=CO2,COC1=CC=CC=C1O,CCCCCC/C=C\CO,CC1CCC(=O)O1,CCCC(=O)OCCC,CC(=O)OCC1=CC=CC=C1,C/C/1=C\CCC(=C)[C@H]2CC([C@@H]2CC1)(C)C,C1=CN=CC=N1
AO268,CC(C)C(=O)C,CC(C)CC=O,CC1=CN=C(C=N1)C,CC(C)C1=CC=C(C=C1)CO,C/C/1=C\CCC(=C)[C@H]2CC([C@@H]2CC1)(C)C,CCC1=NC=CN=C1C(=O)C,CCC1=CC(=C(C=C1)O)OC,CC1=CC(=C(C=C1)O)OC,CC(CCCC(C)(C)O)CC=O,CSC(=C[N+](=O)[O-])SC
AO276,CCCCC(=O)OC,C1=CN(C=C1)CC2=CC=CO2,COC1=CC=CC=C1O,CSCCC=O,CC(=O)OCCC1=CC=CC=C1,,,,,
AO284,CCCCCC(=O)OCCCCC,CC(C)C(=O)C,CCCC(=O)SC,CC1=CCC(CC1OC(=O)C)C(=C)C,C[C@@H](CCC=C(C)C)CCO,,,,,
AO305,CC(C1CCCCC1)OC(=O)C,C1CCC(C1)/C=C/C#N,CC1CCC(=O)O1,CCCCCC(=O)C,CCCCCC(=O)O,,,,,
AO309,CCCCCC(=O)OCCCCC,CC(C1CCCCC1)OC(=O)C,C1=CN(C=C1)CC2=CC=CO2,CCCCCC(=O)OCC,CC1CCC(=O)O1,,,,,
AO318,CC(C)C(=O)C,CSCCC=O,CCCCCC(=O)OCC,COC1=CC=CC=C1O,COC(=O)C1=CC=CC=C1,CC1CCC(=O)O1,CCC(=O)OCC,CCOC(C)OCC,C[C@@H](CCC=C(C)C)CCO,CC(=O)OCC1=CC=CC=C1
AO338,CCCCC(=O)OCC,CC1=CC=C(O1)C(=O)C,C1=CN(C=C1)CC2=CC=CO2,C1CCC(C1)/C=C/C#N,COC1=CC=CC=C1O,C/C/1=C\CCC(=C)[C@H]2CC([C@@H]2CC1)(C)C,CCCCCC/C=C\CO,CCCC(=O)SC,CCC(=O)OCC,CC(=O)C1=CN=CC=C1
AO390,CCCCCCCC(C)O,COC1=CC=CC=C1O,CC1CCC(=O)O1,CCCCCC/C=C\CO,CC(C1CC1)O,,,,,
AO440,CCCCCOC(=O)CCC,CC(C)C(=O)C,CCC(CC)(CC)O,CC(C)(C)CC(=O)O,CC(=O)C1=CC=CC=N1,COC1=CC=CC=C1O,CCC1=CC(=C(C=C1)O)OC,CCC(=O)OCC,CCCC(=O)OCCC,CSC(=C[N+](=O)[O-])SC
AO456,CCCCCC(=O)OCCCCC,CCOC(=O)C1=CC=CC=C1,CC(=O)OCCC1=CC=CC=C1,CCC(=O)OCC,CCCC(=O)OCC,C[C@@H](CCC=C(C)C)CCO,CC(CCCC(C)(C)O)CC=O,CC(C1CC1)O,CC1CCC(=O)O1,CC(=CC(=O)C)C
AO482,COC1=CC=CC=C1O,CCC1=NC=CN=C1C(=O)C,COC1=C(C=C(C=C1)CC=C)OC,CC(=O)OCCC1=CC=CC=C1,CC1CCC(=O)O1,,,,,
AO486,CC(C1CCCCC1)OC(=O)C,COC1=C(C=CC(=C1)CC=C)O,CCCCCCC1CCC(=O)O1,CC1=CCC(CC1OC(=O)C)C(=C)C,C1=CN=CC=N1,,,,,
AO500,C=CCSSCC=C,C1CCC(C1)/C=C/C#N,COC1=CC=CC=C1O,CCC(=O)OCC,CC1CCC(=O)O1,,,,,
AO542,CC(C1CCCCC1)OC(=O)C,CC(=O)C1=CC=CC=N1,CCCC(=O)OCC,CC(=CC(=O)C)C,CCCCCC(=O)O,,,,,
AO549,CCCCC(=O)OCC,C/C/1=C\CCC(=C)[C@H]2CC([C@@H]2CC1)(C)C,CC1CCC(=O)O1,CCCCCC(=O)C,CCCCCC(=O)O,,,,,
AO567,CC1CCC(=O)O1,CCCCCC/C=C\CO,CCC1=NC=CN=C1C(=O)C,CCC1=CC(=C(C=C1)O)OC,CCCCCC(=O)O,,,,,
AO579,C1CCCC(=O)CC1,CC(C1CCCCC1)OC(=O)C,CC(C)(C)CC(=O)O,C1=CC=C(C=C1)OCCN,CCCC(=O)SC,,,,,
AO596,CCCCCC(=O)OCCCCC,CC(C1CCCCC1)OC(=O)C,CC(=CCCC(C)(C=C)O)C,CC1=CCC(CC1OC(=O)C)C(=C)C,CC1CCC(=O)O1,,,,,
AO615,C1=CN(C=C1)CC2=CC=CO2,CC1CCC(=O)O1,COC1=CC=CC=C1O,CCC1=NC=CN=C1C(=O)C,C[C@@H](CCC=C(C)C)CCO,,,,,
AO665,CC(C)C(=O)C,CCC(CC)(CC)O,C=CCSSCC=C,CCC(=O)OCC,CCCCCC(=O)O,,,,,
AO684,CCCCCCCC(C)O,CSCCC=O,CCOC1=NC=CN=C1,CC1=CC[C@H](CC1=O)C(=C)C,C[C@@H](CCC=C(C)C)CCO,,,,,
AO697,CCCCC(=O)OCC,CCCCC(=O)OC,C1=CN(C=C1)CC2=CC=CO2,C1CCC(C1)/C=C/C#N,COC1=CC=CC=C1O,CCCCCC/C=C\CO,CC1CCC(=O)O1,CCCC(=O)SC,CCC(=O)OCC,C1=CN=CC=N1
AO718,CCCCCC(=O)OCCCCC,CC(C)C(=O)C,CC(C1CCCCC1)OC(=O)C,CC1CCC(=O)O1,C=CCSSCC=C,C[C@@H](CCC=C(C)C)CCO,CCCCCC(=O)OCC,COC1=CC=CC=C1O,CCC(=O)OCC,CC(=O)C1=CN=CC=C1
AO742,C=CCSSCC=C,C1CCC(C1)/C=C/C#N,CC1=CC[C@H](CC1=O)C(=C)C,COC1=CC=CC=C1O,CC(C1CC1)O,,,,,
AO762,CC(C1CC1)O,COC1=CC=CC=C1O,C[C@@H](CCC=C(C)C)CCO,CC1CCC(=O)O1,C1=CN=CC=N1,,,,,
AO849,C1CCCC(=O)CC1,CCCCCCC1CCC(=O)O1,CC1=CC=C(O1)C(=O)C,C1CCC(C1)/C=C/C#N,COC1=CC=CC=C1O,,,,,
AO865,CCCCCOC(=O)CCC,CC1CCC(=O)O1,CCC(CC)(CC)O,CC1=CC=C(O1)C(=O)C,COC1=CC=CC=C1O,CC(=CCCC(C)(C=C)O)C,CC(=O)OCCC1=CC=CC=C1,CCCC(=O)OCCC,CSC(=C[N+](=O)[O-])SC,C1=CN=CC=N1
AO870,CC(C)C(=O)C,CC(C1CCCCC1)OC(=O)C,C=CCSSCC=C,CSCCC=O,CC1CCC(=O)O1,CCCCCC(=O)OCC,COC(=O)C1=CC=CC=C1,CCC(=O)OCC,C[C@@H](CCC=C(C)C)CCO,CC(=O)OCC1=CC=CC=C1
AO882,CC1CCC(=O)O1,CC(C)(C)CC(=O)O,CC(=O)C1=CC=CC=N1,CC1=CC=C(O1)C(=O)C,CC(=CCCC(C)(C=C)O)C,COC1=CC=CC=C1O,CCCC(=O)SC,CC(=O)OCCC1=CC=CC=C1,CSC(=C[N+](=O)[O-])SC,C1=CN=CC=N1
AO915,CC/C=C\CCO,,,,,,,,,
AO919,CC(C1CCCCC1)OC(=O)C,C1=CN(C=C1)CC2=CC=CO2,CCC1=CC(=C(C=C1)O)OC,CC(=O)OCC1=CC=CC=C1,CC1CCC(=O)O1,,,,,
AO984,CC1=CC[C@H](CC1=O)C(=C)C,CCCC(=O)SC,COC1=C(C=C(C=C1)CC=C)OC,CC1CCC(=O)O1,CCOC(=O)C(C)O,,,,,
AP029,CCCCCC(=O)OCCCCC,CCCC(=O)OC,CCOC(=O)C1=CC=CC=C1,CCOC(=O)C(C)O,CC(=CC(=O)C)C,,,,,
AP048,CC(C)C(=O)C,CC1=CC=C(O1)C(=O)C,CC1=CC(=C(O1)C)C(=O)C,CC(=CC(=O)C)C,C1=CN=CC=N1,,,,,
AP067,CC(C)C(=O)C,CC1=CN=C(C=N1)C,COC1=C(C=CC(=C1)CC=C)O,CC(=O)C1=CC=CS1,CCOC(=O)C1=CC=CC=C1,,,,,
AP145,CC(C)C(=O)C,CC(C1CCCCC1)OC(=O)C,CC1=CC=C(O1)C(=O)C,CC1=CC[C@H](CC1=O)C(=C)C,C1=CN=CC=N1,,,,,
AP146,CC1=CC(=C(C=C1)O)OC,CSCCC=O,CC[C@H](C1=CC=CC=C1)N,CCCC(=O)SC,CCOC(=O)C1=CC=CC=C1,CC(=O)C1=CC=CC=C1,CCC(=O)OCC,CCOC(C)OCC,C=CCC1CCCCC1=O,CC(=O)C1=CN=CC=C1
AP154,CCCCCCCC(C)O,CC1=CN=C(C=N1)C,COC1=C(C=CC(=C1)CC=C)O,CCCCCC(=O)O,CC(=O)C1=CN=CC=C1,,,,,
AP164,CC(C)C1=CC=C(C=C1)C=O,CCOC(=O)C(C)O,CCCC(=O)OCC,CC(=O)OCC1=CC=CC=C1,CC(=CC(=O)C)C,,,,,
AP177,CCCC(=O)SC,CCC1=CC(=C(C=C1)O)OC,COC(=O)C1=CC=CC=C1,CC(=O)C1=CC=CC=C1,C1=CN=CC=N1,,,,,
AP182,CC1=CC(=C(C=C1)O)OC,CCCCCCCC(C)O,CSCCC=O,CCCCCC(=O)OCC,CCCC(=O)SC,CCOC(=O)C1=CC=CC=C1,CC(=O)C1=CC=CC=C1,CCC(=O)OCC,CC(=O)OCC1=CC=CC=C1,CC1COCC2=CC3=C(C=C12)C(C(C3(C)C)C)(C)C
AP257,CC(C1CCCCC1)OC(=O)C,CC(C)CC=O,C1=CN(C=C1)CC2=CC=CO2,COC1=C(C=CC(=C1)CC=C)O,CC/C=C\CCCCC=O,CC1=CC(=C(O1)C)C(=O)C,CCC1=CC(=C(C=C1)O)OC,C1=CC=C2C(=C1)N=CS2,CC1=CCC(CC1OC(=O)C)C(=C)C,CC1(CCCC(=O)C1)C
AP258,CC(=O)C1=CC=CC=N1,CC1=CC(=C(C=C1)O)OC,CCC(=O)OCC,CC1CCC(=O)O1,CC(=O)OCC1=CC=CC=C1,,,,,
AP275,CC1=CN=C(C=N1)C,CC/C=C\CCCCC=O,CC(=O)C1=CC=CS1,COC(=O)C1=CC=CC=C1,CC(CCCC(C)(C)O)CC=O,,,,,
AP283,CC1=CN=C(C=N1)C,C/C/1=C\CCC(=C)[C@H]2CC([C@@H]2CC1)(C)C,CCOC(=O)C1=CC=CC=C1,CC(CCCC(C)(C)O)CC=O,CC(=O)C1=CN=CC=C1,,,,,
AP320,CC(C)CC=O,COC1=CC=CC=C1O,CCC1=NC=CN=C1C(=O)C,CC(=O)C1=CC=CS1,C[C@@H](CCC=C(C)C)CCO,,,,,
AP325,CC1=CC=C(O1)C(=O)C,C1=CC=C(C=C1)OCCN,COC(=O)C1=CC=CC=C1O,CC1=CC[C@H](CC1=O)C(=C)C,C1=CN=CC=N1,,,,,
AP340,C1CCCC(=O)CC1,CC(C1CCCCC1)OC(=O)C,CCCC(=O)OC,CC(C)(C)CC(=O)O,CC(C)C1=CC=C(C=C1)CO,CC/C=C\CCCCC=O,CC(=CCCC(C)(C=C)O)C,CC(CCCC(C)(C)O)CC=O,CC(=O)OCC1=CC=CC=C1,CC(=O)C1=CN=CC=C1
AP385,CCCCCCCC(C)O,CSCCC=O,CCCCCC(=O)OCC,CCCC(=O)SC,CC(=O)C1=CC=CS1,COC1=C(C=C(C=C1)CC=C)OC,CCC(=O)OCC,C=CCC1CCCCC1=O,CC(=O)OCC1=CC=CC=C1,CC(=O)C1=CN=CC=C1
AP397,CCCCCOC(=O)CCC,CC1=CC(=C(C=C1)O)OC,CCCCCC(=O)OCC,COC1=CC=CC=C1O,CCOC(=O)C1=CC=CC=C1,CCC(=O)OCC,CCCC(=O)OCC,C[C@@H](CCC=C(C)C)CCO,CC(C1CC1)O,CCCCCC(=O)O
AP399,CCCC(=O)OC,CC(C)C1=CC=C(C=C1)C=O,CCOC(=O)C1=CC=CC=C1,CCOC(=O)C(C)O,CCCCCC(=O)O,,,,,
AP431,CC(C)(C)CC(=O)O,C=CCSSCC=C,CCCCCC(=O)OCC,CC(=O)C1=CC=CS1,COC(=O)C1=CC=CC=C1,,,,,
AP432,CC(C)CC=O,C1=CN(C=C1)CC2=CC=CO2,C=CCSSCC=C,CC1=CN=C(C=N1)C,CCC1=CC(=C(C=C1)O)OC,CC1=CC(=C(C=C1)C(C)C)O,C1=CC=C2C(=C1)N=CS2,CC1(CCCC(=O)C1)C,C[C@@H](CCC=C(C)C)CCO,C1=CN=CC=N1
AP447,CC(C1CCCCC1)OC(=O)C,CC1=CC=C(O1)C(=O)C,C1=CC=C(C=C1)OCCN,CC1=CCC(CC1OC(=O)C)C(=C)C,CC1(CCCC(=O)C1)C,,,,,
AP450,CC(=O)C1=CC=CC=N1,CCCCCC(=O)OCC,CCC(=O)OCC,CC(C1CC1)O,CC(=O)C1=CN=CC=C1,,,,,
AP477,C1CCCC(=O)CC1,CC(C)CC=O,COC(=O)C1=CC=CC=C1O,CC(CCCC(C)(C)O)CC=O,CC(C1CC1)O,,,,,
AP521,C1CCCC(=O)CC1,CC(C1CCCCC1)OC(=O)C,CCCC(=O)OC,COC1=C(C=CC(=C1)CC=C)O,CC/C=C\CCCCC=O,CC1=CC(=C(O1)C)C(=O)C,CCC1=NC=CN=C1C(=O)C,CC(=CCCC(C)(C=C)O)C,CCC(=O)OCC,CC(=O)OCC1=CC=CC=C1
AP524,CC1=CC(=C(C=C1)O)OC,CC(C)CC=O,C=CCSSCC=C,CCCCCC(=O)OCC,COC1=CC=CC=C1O,CC[C@H](C1=CC=CC=C1)N,CCOC(=O)C1=CC=CC=C1,C1=CC=C2C(=C1)N=CS2,CCCC(=O)OCC,C[C@@H](CCC=C(C)C)CCO
AP563,CC(C)(C)CC(=O)O,CC(C)C1=CC=C(C=C1)CO,COC1=CC=CC=C1O,CC/C=C\CCCCC=O,CC1=CC(=C(O1)C)C(=O)C,CC(=CCCC(C)(C=C)O)C,CC(=O)C1=CC=CS1,CC(CCCC(C)(C)O)CC=O,CCCCCC(=O)C,CC(=O)C1=CN=CC=C1
AP571,CC(C)CC=O,CCC(CC)(CC)O,CC(=O)C1=CC=CC=N1,CC(C)C1=CC=C(C=C1)CO,CC/C=C\CCCCC=O,CC1=CC(=C(C=C1)C(C)C)O,CC1(CCCC(=O)C1)C,C[C@@H](CCC=C(C)C)CCO,CC1COCC2=CC3=C(C=C12)C(C(C3(C)C)C)(C)C,C1=CN=CC=N1
AP577,CC1=CC(=C(C=C1)O)OC,CCCCCCCC(C)O,CC(=CCCC(C)(C=C)O)C,COC1=CC=CC=C1O,CC1=CC(=C(C=C1)C(C)C)O,COC1=C(C=C(C=C1)CC=C)OC,CCC(=O)OCC,CCOC(C)OCC,C=CCC1CCCCC1=O,CC(=O)OCC1=CC=CC=C1
AP591,C1CCCC(=O)CC1,CCCC(=O)OC,CC(C)(C)CC(=O)O,CC(C)C1=CC=C(C=C1)CO,CC/C=C\CCCCC=O,CCC1=CC(=C(C=C1)O)OC,CCOC(=O)C1=CC=CC=C1,CC(CCCC(C)(C)O)CC=O,C1=CN=CC=N1,CC(=O)C1=CN=CC=C1
AP627,CC(C)C(=O)C,CC1=CC(=C(C=C1)C(C)C)O,CC(=O)C1=CC=CC=C1,CCCCCC(=O)O,CC(=O)C1=CN=CC=C1,,,,,
AP661,CC1=CC=C(O1)C(=O)C,C=CCSSCC=C,COC1=CC=CC=C1O,CC[C@H](C1=CC=CC=C1)N,CCCCCC/C=C\CO,CC(=CCCC(C)(C=C)O)C,COC1=C(C=C(C=C1)CC=C)OC,CCCC(=O)OCC,C[C@@H](CCC=C(C)C)CCO,CCCCCC(=O)O
AP679,CC1=CC(=C(C=C1)O)OC,CCCC(=O)OC,CCCCCCCC(C)O,CC(=CCCC(C)(C=C)O)C,CCCC(=O)SC,CC(=O)C1=CC=CS1,CCOC(=O)C1=CC=CC=C1,CCOC(C)OCC,C=CCC1CCCCC1=O,CC(=O)C1=CN=CC=C1
AP691,CC(C)C(=O)C,CCCCCCC1CCC(=O)O1,CC1=CC[C@H](CC1=O)C(=C)C,COC1=C(C=C(C=C1)CC=C)OC,C1=CN=CC=N1,,,,,
AP734,CC(C1CCCCC1)OC(=O)C,CC(C)CC=O,CCC(CC)(CC)O,CC(=O)C1=CC=CC=N1,COC1=C(C=CC(=C1)CC=C)O,CC1=CC(=C(C=C1)C(C)C)O,C1=CC=C2C(=C1)N=CS2,C[C@@H](CCC=C(C)C)CCO,CC1COCC2=CC3=C(C=C12)C(C(C3(C)C)C)(C)C,C1=CN=CC=N1
AP738,C1CCCC(=O)CC1,CC(C1CCCCC1)OC(=O)C,CC(C)(C)CC(=O)O,CC(C)C1=CC=C(C=C1)CO,COC1=CC=CC=C1O,CC/C=C\CCCCC=O,CC1=CC(=C(O1)C)C(=O)C,CC(=O)C1=CC=CS1,CCOC(=O)C1=CC=CC=C1,CC(=O)C1=CN=CC=C1
AP745,CCCCCC/C=C/C(=O)OC,,,,,,,,,
AP752,CC(=O)C1=CC=CC=N1,C/C/1=C\CCC(=C)[C@H]2CC([C@@H]2CC1)(C)C,C[C@@H](CCC=C(C)C)CCO,CC(C1CC1)O,CC(=O)C1=CN=CC=C1,,,,,
AP774,CC1=CC(=C(C=C1)O)OC,CCCCCCC1CCC(=O)O1,CC1=CC[C@H](CC1=O)C(=C)C,COC1=C(C=C(C=C1)CC=C)OC,CC1=CCC(CC1OC(=O)C)C(=C)C,,,,,
AP781,CC(C)(C)CC(=O)O,CC(=O)C1=CC=CC=N1,C=CCSSCC=C,CC(CCCC(C)(C)O)CC=O,C1=CN=CC=N1,,,,,
AP810,CC(C1CCCCC1)OC(=O)C,CC(C)CC=O,CC1=CC[C@H](CC1=O)C(=C)C,CCC(=O)OCC,CC(=O)C1=CN=CC=C1,,,,,
AP839,CC(C)C(=O)C,C=CCSSCC=C,CSCCC=O,CCCC(=O)OCC,CCCCCC(=O)O,,,,,
AP841,CCCCCOC(=O)CCC,CC(C)CC=O,CC1=CC=C(O1)C(=O)C,C=CCSSCC=C,CCCCCC(=O)OCC,COC1=CC=CC=C1O,CCCCCC/C=C\CO,CCC(=O)OCC,CC(C1CC1)O,CC(=O)C1=CN=CC=C1
AP848,CCCCCOC(=O)CCC,CC1=CC=C(O1)C(=O)C,CCCCCC(=O)OCC,COC1=CC=CC=C1O,CC[C@H](C1=CC=CC=C1)N,CC(=CCCC(C)(C=C)O)C,COC1=C(C=C(C=C1)CC=C)OC,CC(C1CC1)O,CCCCCC(=O)O,CC(=O)C1=CN=CC=C1
AP854,CC(C)CC=O,CC(=O)C1=CC=CC=N1,CC/C=C\CCCCC=O,CC1=CC(=C(O1)C)C(=O)C,CCC1=CC(=C(C=C1)O)OC,,,,,
AP858,CC(C1CCCCC1)OC(=O)C,CC(=O)C1=CC=CC=N1,CSCCC=O,CC1=CC[C@H](CC1=O)C(=C)C,C1=CC=C2C(=C1)N=CS2,,,,,
AP958,CCCCCCCC(C)O,CCC1=NC=CN=C1C(=O)C,CC(=CCCC(C)(C=C)O)C,CC1=CC(=C(C=C1)C(C)C)O,CCC(=O)OCC,,,,,
AP974,CC(=O)C1=CC=CS1,COC(=O)C1=CC=CC=C1,CC(=O)C1=CC=CC=C1,CCOC(C)OCC,CC(CCCC(C)(C)O)CC=O,,,,,
AP983,C/C/1=C\CCC(=C)[C@H]2CC([C@@H]2CC1)(C)C,CC(=CCCC(C)(C=C)O)C,CC1=CC(=C(C=C1)C(C)C)O,CC(=O)C1=CC=CC=C1,CCC(=O)OCC,,,,,
AP990,CCCCCC(=O)OCCCCC,CSCCC=O,CCOC(=O)C(C)O,CCC(=O)OCC,CCCC(=O)OCC,,,,,
AQ008,CC(C)CC(=O)C,CCCCC(C)O,,,,,,,,
AQ140,CCCC(=O)OCC,CC(C)C1=CC=C(C=C1)C=O,CCCCCCCCS,CC(C)C1=CC=C(C=C1)CO,CCC/C=C/C=O,,,,,
AQ145,CC(=O)C1=CN=CC=C1,,,,,,,,,
AQ230,C(CO)N,,,,,,,,,
AQ310,CCOC(=O)C1=CC=CC=C1,CC(C)CC=O,,,,,,,,
AQ376,CC(C)C1=CC=C(C=C1)CO,,,,,,,,,
AQ466,C1=CC=C(C=C1)OC2=CC=CC=C2,CCC1=NC=CN=C1CC,CC1=CC[C@H](CC1=O)C(=C)C,COC1=CC=C(C=C1)CCN,CCC/C=C/C(=O)O,CCC1=NC=CN=C1C(=O)C,C(CO)N,C1=CC=C(C=C1)S,CC(C)CCC(=O)C,CCCCCCCO
AQ473,CC[C@H](C1=CC=CC=C1)N,,,,,,,,,
AQ541,CCCC(=O)OCC,CSCCC=O,CCC/C=C/C=O,CC1C(=O)C(=C(O1)C)OC,CCCCCCCCS,,,,,
AQ563,CC(C)CC(=O)C,CCCCC(=O)OC,,,,,,,,
AQ615,CCCCC(=O)OC,,,,,,,,,
AQ640,CCCCCC(=O)OCCCCC,,,,,,,,,
AQ673,C(CCN)CCO,,,,,,,,,
AQ692,C1=CN=CC=N1,,,,,,,,,
AQ736,COC1=CC=C(C=C1)CCN,,,,,,,,,
AQ778,C1=CC=C(C=C1)OC2=CC=CC=C2,C1=CC=C2C(=C1)C=CN2,CC(C)CCC(=O)C,CCCCCCC=O,CN(C)CCC(=O)C1=CC=CC=C1.Cl,,,,,
AQ784,CCCCCC(=O)OCCCCC,C1=CN=CC=N1,,,,,,,,
AQ792,CC(C)CC(=O)C,,,,,,,,,
AQ794,CC(C)CC1=NC=CN=C1OC,CCCCCCCO,CCCCCN,CCCSCCC,CCCCCCC=O,,,,,
AQ810,CC[C@H](C1=CC=CC=C1)N,CC(=O)C1=CN=CC=C1,,,,,,,,
AQ853,CC(C)C1=CC=C(C=C1)CO,CCCCC(=O)OC,,,,,,,,
AQ862,CC1=CN=C(C=N1)C,CC(=O)C1=CC=CS1,,,,,,,,
AQ882,C1CCCC(=O)CC1,CCCC(=O)OCC,CC(C)C1=CC=C(C=C1)CO,C(CCN)CCO,CCCCCCCCS,,,,,
AQ892,CN(C)CCC(=O)C1=CC=CC=C1.Cl,,,,,,,,,
AQ938,CSCCC=O,,,,,,,,,
B253,CC=O,,,,,,,,,
B546,C1=CC=C(C=C1)COC(=O)C2=CC=CC=C2,,,,,,,,,
B623,C1=COC(=C1)CS,,,,,,,,,
B670,C1=CC=C(C=C1)C=O,,,,,,,,,
B713,CCC/C=C/CO,,,,,,,,,
B970,C1=CC=NC=C1,,,,,,,,,
C391,CC1C(=O)C(=C(O1)C)OC,,,,,,,,,
C542,CC1=CN=C(C=N1)C,,,,,,,,,
C622,CCOC(C)OCC,,,,,,,,,
C652,C1CCCC(=O)CC1,,,,,,,,,
C702,CCC1=NC=CN=C1CC,,,,,,,,,
C729,CCOC1=NC=CS1,,,,,,,,,
C749,CCCCCC(=O)O,,,,,,,,,
C887,CC(=O)OCC1=CC=CC=C1,,,,,,,,,
C979,CC1=CC(=C(O1)C)C(=O)C,,,,,,,,,
D109,CC(C)CO,,,,,,,,,
D141,CCCSCCC,,,,,,,,,
D171,CCC1=CC(=C(C=C1)O)OC,,,,,,,,,
D299,CC(C)CC=O,,,,,,,,,
D313,CCCCCCCCCC(=O)OCC,,,,,,,,,
D323,C1=CC=C2C(=C1)C=CC=N2,,,,,,,,,
D564,C1CCC(=O)C1,,,,,,,,,
E058,CC1=NC=CN=C1C,,,,,,,,,
E449,C1=CC=C(C=C1)/C=C/C=O,,,,,,,,,
E587,CC1=CNC2=CC=CC=C12,,,,,,,,,
E804,C1CCC(CC1)O,,,,,,,,,
E947,CC1=CC[C@H](CC1)C(C)(C)O,,,,,,,,,
F080,CC(C)C1=CC=C(C=C1)CO,,,,,,,,,
F422,C1=CN(C=C1)CC2=CC=CO2,,,,,,,,,
G427,CSCCC=O,,,,,,,,,
G523,CCCCCO,,,,,,,,,
H092,CCCCCCCCS,,,,,,,,,
H127,CC(C)CCCC(C)CCO,,,,,,,,,
H446,CCCOC(=O)CC(C)C,,,,,,,,,
H488,C1=COC(=C1)CSSCC2=CC=CO2,,,,,,,,,
H644,C1=CC=C(C(=C1)O)Br,,,,,,,,,
H714,CC(C=O)C1=CC=CC=C1,,,,,,,,,
H878,C1=CSC(=C1)S,,,,,,,,,
I405,COC1=CC=CC=C1S,,,,,,,,,
I463,CC1=CC(=O)CC(C1)(C)C,,,,,,,,,
I666,CCCCCCC(=O)O,,,,,,,,,
I714,C/C=C/C=C/C=O,,,,,,,,,
I769,CC(=O)C1=CC=CC=C1O,,,,,,,,,
J087,C(CCN)CCO,,,,,,,,,
J093,CN(C)CCC(=O)C1=CC=CC=C1.Cl,,,,,,,,,
J215,CN1C=CC2=CC=CC=C21,,,,,,,,,
J346,CC(=CC(=O)C)C,,,,,,,,,
J497,CCOC(=O)C(C)O,,,,,,,,,
J594,COC1=CC=C(C=C1)CCN,,,,,,,,,
J612,CN(C)C.Cl,,,,,,,,,
J613,CCCCCCCC(C)O,,,,,,,,,
J622,C(CO)N,,,,,,,,,
J670,C1CCC(C1)C(=O)O,,,,,,,,,
K853,C1CCC(=O)C1,,,,,,,,,
L218,CCCC(=O)OC,,,,,,,,,
L973,CCCCCO,,,,,,,,,
