Dataset,Mixture 1,Mixture 2,Experimental Values
Bushdid,1,2,0.576923077
Bushdid,3,4,0.692307692
Bushdid,5,6,0.269230769
Bushdid,7,8,0.538461538
Bushdid,9,10,0.576923077
Bushdid,11,12,0.307692308
Bushdid,13,14,0.5
Bushdid,15,16,0.769230769
Bushdid,17,18,0.346153846
Bushdid,19,20,0.538461538
Bushdid,21,22,0.5
Bushdid,23,24,0.653846154
Bushdid,25,26,0.769230769
Bushdid,27,28,0.807692308
Bushdid,29,30,0.730769231
Bushdid,31,32,0.615384615
Bushdid,33,34,0.423076923
Bushdid,35,36,0.576923077
Bushdid,37,38,0.576923077
Bushdid,39,40,0.615384615
Bushdid,41,42,0.538461538
Bushdid,43,44,0.5
Bushdid,45,46,0.576923077
Bushdid,47,48,0.807692308
Bushdid,49,50,0.269230769
Bushdid,51,52,0.307692308
Bushdid,53,54,0.653846154
Bushdid,55,56,0.615384615
Bushdid,57,58,0.653846154
Bushdid,59,60,0.538461538
Bushdid,61,62,0.576923077
Bushdid,63,64,0.5
Bushdid,65,66,0.653846154
Bushdid,67,68,0.346153846
Bushdid,69,70,0.5
Bushdid,71,72,0.307692308
Bushdid,73,74,0.692307692
Bushdid,75,76,0.423076923
Bushdid,77,78,0.538461538
Bushdid,79,80,0.346153846
Bushdid,81,82,0.692307692
Bushdid,83,84,0.384615385
Bushdid,85,86,0.461538462
Bushdid,87,88,0.730769231
Bushdid,89,90,0.307692308
Bushdid,91,92,0.346153846
Bushdid,93,94,0.538461538
Bushdid,95,96,0.769230769
Bushdid,97,98,0.807692308
Bushdid,99,100,0.423076923
Bushdid,101,102,0.769230769
Bushdid,103,104,0.884615385
Bushdid,105,106,0.153846154
Bushdid,107,108,0.423076923
Bushdid,109,110,0.807692308
Bushdid,111,112,0.269230769
Bushdid,113,114,0.846153846
Bushdid,115,116,0.384615385
Bushdid,117,118,0.461538462
Bushdid,119,120,0.730769231
Bushdid,121,122,0.307692308
Bushdid,123,124,0.269230769
Bushdid,125,126,0.192307692
Bushdid,127,128,0.538461538
Bushdid,129,130,0.538461538
Bushdid,131,132,0.846153846
Bushdid,133,134,0.423076923
Bushdid,135,136,0.538461538
Bushdid,137,138,0.576923077
Bushdid,139,140,0.576923077
Bushdid,141,142,0.423076923
Bushdid,143,144,0.692307692
Bushdid,145,146,0.807692308
Bushdid,147,148,0.730769231
Bushdid,149,150,0.846153846
Bushdid,151,152,0.423076923
Bushdid,153,154,0.5
Bushdid,155,156,0.807692308
Bushdid,157,158,0.307692308
Bushdid,159,160,0.692307692
Bushdid,161,162,0.346153846
Bushdid,163,164,0.461538462
Bushdid,165,166,0.615384615
Bushdid,167,168,0.769230769
Bushdid,169,170,0.692307692
Bushdid,171,172,0.230769231
Bushdid,173,174,0.769230769
Bushdid,175,176,0.192307692
Bushdid,177,178,0.269230769
Bushdid,179,180,0.538461538
Bushdid,181,182,0.807692308
Bushdid,183,184,0.769230769
Bushdid,185,186,0.769230769
Bushdid,187,188,0.423076923
Bushdid,189,190,0.807692308
Bushdid,191,192,0.730769231
Bushdid,193,194,0.153846154
Bushdid,195,196,0.5
Bushdid,197,198,0.461538462
Bushdid,199,200,0.153846154
Bushdid,201,202,0.461538462
Bushdid,203,204,0.692307692
Bushdid,205,206,0.307692308
Bushdid,207,208,0.576923077
Bushdid,209,210,0.615384615
Bushdid,211,212,0.653846154
Bushdid,213,214,0.653846154
Bushdid,215,216,0.538461538
Bushdid,217,218,0.5
Bushdid,219,220,0.769230769
Bushdid,221,222,0.730769231
Bushdid,223,224,0.461538462
Bushdid,225,226,0.5
Bushdid,227,228,0.615384615
Bushdid,229,230,0.730769231
Bushdid,231,232,0.384615385
Bushdid,233,234,0.692307692
Bushdid,235,236,0.307692308
Bushdid,237,238,0.538461538
Bushdid,239,240,0.153846154
Bushdid,241,242,0.730769231
Bushdid,243,244,0.461538462
Bushdid,245,246,0.307692308
Bushdid,247,248,0.461538462
Bushdid,249,250,0.269230769
Bushdid,251,252,0.730769231
Bushdid,253,254,0.653846154
Bushdid,255,256,0.730769231
Bushdid,257,258,0.576923077
Bushdid,259,260,0.269230769
Bushdid,261,262,0.461538462
Bushdid,263,264,0.423076923
Bushdid,265,266,0.192307692
Bushdid,267,268,0.538461538
Bushdid,269,270,0.384615385
Bushdid,271,272,0.653846154
Bushdid,273,274,0.923076923
Bushdid,275,276,0.423076923
Bushdid,277,278,0.615384615
Bushdid,279,280,0.346153846
Bushdid,281,282,0.846153846
Bushdid,283,284,0.615384615
Bushdid,285,286,0.384615385
Bushdid,287,288,0.423076923
Bushdid,289,290,0.730769231
Bushdid,291,292,0.5
Bushdid,293,294,0.538461538
Bushdid,295,296,0.384615385
Bushdid,297,298,0.846153846
Bushdid,299,300,0.653846154
Bushdid,301,302,0.269230769
Bushdid,303,304,0.269230769
Bushdid,305,306,0.769230769
Bushdid,307,308,0.576923077
Bushdid,309,310,0.538461538
Bushdid,311,312,0.615384615
Bushdid,313,314,0.423076923
Bushdid,315,316,0.730769231
Bushdid,317,318,0.769230769
Bushdid,319,320,0.384615385
Bushdid,321,322,0.769230769
Bushdid,323,324,0.692307692
Bushdid,325,326,0.423076923
Bushdid,327,328,0.538461538
Bushdid,329,330,0.461538462
Bushdid,331,332,0.653846154
Bushdid,333,334,0.692307692
Bushdid,335,336,0.5
Bushdid,337,338,0.423076923
Bushdid,339,340,0.730769231
Bushdid,341,342,0.461538462
Bushdid,343,344,0.538461538
Bushdid,345,346,0.730769231
Bushdid,347,348,0.269230769
Bushdid,349,350,0.653846154
Bushdid,351,352,0.384615385
Bushdid,353,354,0.230769231
Bushdid,355,356,0.461538462
Bushdid,357,358,0.5
Bushdid,359,360,0.423076923
Bushdid,361,362,0.423076923
Bushdid,363,364,0.538461538
Bushdid,365,366,0.346153846
Bushdid,367,368,0.5
Bushdid,369,370,0.538461538
Bushdid,371,372,0.461538462
Bushdid,373,374,0.5
Bushdid,375,376,0.730769231
Bushdid,377,378,0.692307692
Bushdid,379,380,0.5
Bushdid,381,382,0.307692308
Bushdid,383,384,0.423076923
Bushdid,385,386,0.423076923
Bushdid,387,388,0.846153846
Bushdid,389,390,0.692307692
Bushdid,391,392,0.346153846
Bushdid,393,394,0.5
Bushdid,395,396,0.615384615
Bushdid,397,398,0.538461538
Bushdid,399,400,0.692307692
Bushdid,401,402,0.730769231
Bushdid,403,404,0.769230769
Bushdid,405,406,0.538461538
Bushdid,407,408,0.653846154
Bushdid,409,410,0.692307692
Bushdid,411,412,0.576923077
Bushdid,413,414,0.461538462
Bushdid,415,416,0.576923077
Bushdid,417,418,0.538461538
Bushdid,419,420,0.769230769
Bushdid,421,422,0.653846154
Bushdid,423,424,0.461538462
Bushdid,425,426,0.807692308
Bushdid,427,428,0.269230769
Bushdid,429,430,0.230769231
Bushdid,431,432,0.769230769
Bushdid,433,434,0.576923077
Bushdid,435,436,0.384615385
Bushdid,437,438,0.653846154
Bushdid,439,440,0.5
Bushdid,441,442,0.307692308
Bushdid,443,444,0.769230769
Bushdid,445,446,0.615384615
Bushdid,447,448,0.576923077
Bushdid,449,450,0.576923077
Bushdid,451,452,0.576923077
Bushdid,453,454,0.576923077
Bushdid,455,456,0.5
Bushdid,457,458,0.807692308
Bushdid,459,460,0.538461538
Bushdid,461,462,0.423076923
Bushdid,463,464,0.769230769
Bushdid,465,466,0.615384615
Bushdid,467,468,0.846153846
Bushdid,469,470,0.576923077
Bushdid,471,472,0.423076923
Bushdid,473,474,0.692307692
Bushdid,475,476,0.730769231
Bushdid,477,478,0.384615385
Bushdid,479,480,0.461538462
Bushdid,481,482,0.384615385
Bushdid,483,484,0.5
Bushdid,485,486,0.384615385
Bushdid,487,488,0.653846154
Bushdid,489,490,0.384615385
Bushdid,491,492,0.576923077
Bushdid,493,494,0.423076923
Bushdid,495,496,0.076923077
Bushdid,497,498,0.653846154
Bushdid,499,500,0.653846154
Bushdid,501,502,0.461538462
Bushdid,503,504,0.846153846
Bushdid,505,506,0.730769231
Bushdid,507,508,0.846153846
Bushdid,509,510,0.461538462
Bushdid,511,512,0.576923077
Bushdid,513,514,0.692307692
Bushdid,515,516,0.730769231
Bushdid,517,518,0.538461538
Bushdid,519,520,0.807692308
Ravia 4,1,11,0.75
Ravia 4,2,12,0.589285714
Ravia 4,3,13,0.5
Ravia 4,4,14,0.5
Ravia 4,5,15,0.660714286
Ravia 4,6,16,0.517857143
Ravia 4,7,17,0.428571429
Ravia 4,8,18,0.482142857
Ravia 4,9,19,0.375
Ravia 4,10,20,0.75
Ravia 4,21,31,0.589285714
Ravia 4,22,32,0.910714286
Ravia 4,23,33,0.482142857
Ravia 4,24,34,0.732142857
Ravia 4,25,35,0.464285714
Ravia 4,26,36,0.714285714
Ravia 4,27,37,0.5
Ravia 4,28,38,0.607142857
Ravia 4,29,39,0.589285714
Ravia 4,30,40,0.910714286
Ravia 4,41,51,0.354166667
Ravia 4,42,52,0.5
Ravia 4,43,53,0.395833333
Ravia 4,44,54,0.395833333
Ravia 4,45,55,0.354166667
Ravia 4,46,56,0.520833333
Ravia 4,47,57,0.5
Ravia 4,48,58,0.354166667
Ravia 4,49,59,0.3125
Ravia 4,50,60,0.395833333
Ravia 4,61,71,0.666666667
Ravia 4,62,72,0.541666667
Ravia 4,63,73,0.604166667
Ravia 4,64,74,0.458333333
Ravia 4,65,75,0.645833333
Ravia 4,66,76,0.729166667
Ravia 4,67,77,0.645833333
Ravia 4,68,78,0.666666667
Ravia 4,69,79,0.604166667
Ravia 4,70,80,0.770833333
Ravia 4,81,91,0.4375
Ravia 4,82,92,0.359375
Ravia 4,83,93,0.46875
Ravia 4,84,94,0.46875
Ravia 4,85,95,0.671875
Ravia 4,86,96,0.40625
Ravia 4,87,97,0.390625
Ravia 4,88,98,0.421875
Ravia 4,89,99,0.421875
Ravia 4,90,100,0.46875
Snitz 1,1,2,0.604166667
Snitz 1,1,3,0.651041667
Snitz 1,1,4,0.526041667
Snitz 1,1,5,0.505208333
Snitz 1,1,6,0.411458333
Snitz 1,1,7,0.5625
Snitz 1,3,38,0.778409091
Snitz 1,3,39,0.772727273
Snitz 1,3,40,0.727272727
Snitz 1,3,41,0.693181818
Snitz 1,8,2,0.755208333
Snitz 1,8,3,0.684895833
Snitz 1,8,4,0.848958333
Snitz 1,8,5,0.765625
Snitz 1,8,6,0.807291667
Snitz 1,8,7,0.901041667
Snitz 1,9,2,0.567708333
Snitz 1,9,3,0.671875
Snitz 1,9,4,0.424479167
Snitz 1,9,5,0.390625
Snitz 1,9,6,0.447916667
Snitz 1,9,7,0.619791667
Snitz 1,10,2,0.567708333
Snitz 1,10,3,0.651041667
Snitz 1,10,4,0.541666667
Snitz 1,10,5,0.369791667
Snitz 1,10,6,0.411458333
Snitz 1,10,7,0.458333333
Snitz 1,11,2,0.510416667
Snitz 1,11,3,0.713541667
Snitz 1,11,4,0.46875
Snitz 1,11,5,0.34375
Snitz 1,11,6,0.380208333
Snitz 1,11,7,0.552083333
Snitz 1,12,2,0.770833333
Snitz 1,12,3,0.765625
Snitz 1,12,4,0.697916667
Snitz 1,12,5,0.682291667
Snitz 1,12,6,0.630208333
Snitz 1,12,7,0.7109375
Snitz 1,13,14,0.754807692
Snitz 1,13,15,0.701923077
Snitz 1,13,16,0.706730769
Snitz 1,13,17,0.581730769
Snitz 1,13,18,0.567307692
Snitz 1,13,19,0.822115385
Snitz 1,20,14,0.711538462
Snitz 1,20,15,0.533653846
Snitz 1,20,16,0.754807692
Snitz 1,20,17,0.774038462
Snitz 1,20,18,0.721153846
Snitz 1,20,19,0.533653846
Snitz 1,21,14,0.735576923
Snitz 1,21,15,0.711538462
Snitz 1,21,16,0.572115385
Snitz 1,21,17,0.514423077
Snitz 1,21,18,0.533653846
Snitz 1,21,19,0.682692308
Snitz 1,22,14,0.735576923
Snitz 1,22,15,0.682692308
Snitz 1,22,16,0.451923077
Snitz 1,22,17,0.427884615
Snitz 1,22,18,0.5
Snitz 1,22,19,0.793269231
Snitz 1,23,14,0.754807692
Snitz 1,23,15,0.673076923
Snitz 1,23,16,0.5
Snitz 1,23,17,0.451923077
Snitz 1,23,18,0.418269231
Snitz 1,23,19,0.778846154
Snitz 1,24,14,0.778846154
Snitz 1,24,15,0.701923077
Snitz 1,24,16,0.735576923
Snitz 1,24,17,0.745192308
Snitz 1,24,18,0.778846154
Snitz 1,24,19,0.677884615
Snitz 1,25,26,0.711538462
Snitz 1,25,27,0.721153846
Snitz 1,25,28,0.629807692
Snitz 1,25,29,0.673076923
Snitz 1,25,30,0.663461538
Snitz 1,25,31,0.610576923
Snitz 1,32,26,0.8125
Snitz 1,32,27,0.721153846
Snitz 1,32,28,0.793269231
Snitz 1,32,29,0.610576923
Snitz 1,32,30,0.740384615
Snitz 1,32,31,0.754807692
Snitz 1,33,26,0.682692308
Snitz 1,33,27,0.615384615
Snitz 1,33,28,0.735576923
Snitz 1,33,29,0.533653846
Snitz 1,33,30,0.519230769
Snitz 1,33,31,0.725961538
Snitz 1,34,26,0.658653846
Snitz 1,34,27,0.634615385
Snitz 1,34,28,0.692307692
Snitz 1,34,29,0.524038462
Snitz 1,34,30,0.456730769
Snitz 1,34,31,0.692307692
Snitz 1,35,26,0.735576923
Snitz 1,35,27,0.653846154
Snitz 1,35,28,0.673076923
Snitz 1,35,29,0.629807692
Snitz 1,35,30,0.514423077
Snitz 1,35,31,0.653846154
Snitz 1,36,26,0.769230769
Snitz 1,36,27,0.653846154
Snitz 1,36,28,0.716346154
Snitz 1,36,29,0.807692308
Snitz 1,36,30,0.764423077
Snitz 1,36,31,0.826923077
Snitz 1,37,38,0.522727273
Snitz 1,37,39,0.625
Snitz 1,37,40,0.642045455
Snitz 1,37,41,0.625
Snitz 1,42,39,0.528409091
Snitz 1,42,40,0.539772727
Snitz 1,42,41,0.471590909
Snitz 1,43,38,0.664772727
Snitz 1,43,39,0.642045455
Snitz 1,43,40,0.653409091
Snitz 1,43,41,0.647727273
Snitz 1,43,44,0.659090909
Snitz 1,43,45,0.840909091
Snitz 1,43,46,0.6875
Snitz 1,47,38,0.392045455
Snitz 1,47,39,0.5625
Snitz 1,47,40,0.488636364
Snitz 1,47,41,0.534090909
Snitz 1,47,44,0.664772727
Snitz 1,47,45,0.789772727
Snitz 1,47,46,0.619318182
Snitz 1,48,38,0.414772727
Snitz 1,48,39,0.443181818
Snitz 1,48,40,0.346590909
Snitz 1,48,41,0.522727273
Snitz 1,48,44,0.676136364
Snitz 1,48,45,0.755681818
Snitz 1,48,46,0.528409091
Snitz 1,49,38,0.454545455
Snitz 1,49,39,0.619318182
Snitz 1,49,40,0.647727273
Snitz 1,49,41,0.590909091
Snitz 1,49,44,0.352272727
Snitz 1,49,45,0.676136364
Snitz 1,49,46,0.602272727
Snitz 2,1,2,0.571079232
Snitz 2,1,3,0.617074811
Snitz 2,1,4,0.417794564
Snitz 2,1,5,0.365823651
Snitz 2,1,6,0.554831352
Snitz 2,1,8,0.640420003
Snitz 2,1,9,0.531256662
Snitz 2,1,10,0.629883689
Snitz 2,1,12,0.461249656
Snitz 2,2,3,0.521107479
Snitz 2,2,4,0.389479171
Snitz 2,2,5,0.431679374
Snitz 2,2,6,0.688897466
Snitz 2,2,7,0.434875161
Snitz 2,2,9,0.435297988
Snitz 2,2,10,0.409498442
Snitz 2,2,14,0.353717605
Snitz 2,3,4,0.448164066
Snitz 2,3,10,0.55311862
Snitz 2,3,11,0.496331653
Snitz 2,3,12,0.706568159
Snitz 2,3,13,0.581259278
Snitz 2,3,14,0.516065325
Snitz 2,4,5,0.289236253
Snitz 2,4,8,0.483749082
Snitz 2,4,11,0.573445625
Snitz 2,4,13,0.622244157
Snitz 2,4,14,0.369436836
Snitz 2,5,3,0.403165774
Snitz 2,5,6,0.702678919
Snitz 2,5,7,0.377680188
Snitz 2,5,8,0.523572917
Snitz 2,5,10,0.524793971
Snitz 2,5,11,0.444452165
Snitz 2,5,13,0.623722766
Snitz 2,5,14,0.434726288
Snitz 2,6,3,0.648905325
Snitz 2,6,4,0.718496654
Snitz 2,6,7,0.728967095
Snitz 2,6,9,0.722060567
Snitz 2,6,10,0.715333919
Snitz 2,6,11,0.62178788
Snitz 2,7,1,0.641323935
Snitz 2,7,3,0.464489509
Snitz 2,7,4,0.385388532
Snitz 2,7,8,0.611684523
Snitz 2,7,9,0.41743823
Snitz 2,7,10,0.499030847
Snitz 2,7,11,0.344029083
Snitz 2,7,13,0.560994228
Snitz 2,8,2,0.548093475
Snitz 2,8,3,0.493943735
Snitz 2,8,6,0.699666352
Snitz 2,8,9,0.441539564
Snitz 2,8,10,0.537752535
Snitz 2,8,12,0.75005623
Snitz 2,8,13,0.766438661
Snitz 2,8,14,0.61790083
Snitz 2,9,3,0.508135923
Snitz 2,9,4,0.414009564
Snitz 2,9,5,0.381566352
Snitz 2,9,11,0.309007512
Snitz 2,9,12,0.699182921
Snitz 2,9,13,0.582958927
Snitz 2,9,14,0.455659939
Snitz 2,10,4,0.399586021
Snitz 2,10,9,0.483212535
Snitz 2,10,11,0.540210831
Snitz 2,11,1,0.379850967
Snitz 2,11,2,0.478150495
Snitz 2,11,8,0.519923765
Snitz 2,11,12,0.652060266
Snitz 2,11,13,0.4955536
Snitz 2,12,2,0.671511581
Snitz 2,12,4,0.724689658
Snitz 2,12,5,0.707735537
Snitz 2,12,6,0.640651637
Snitz 2,12,7,0.661498482
Snitz 2,12,10,0.62904294
Snitz 2,12,13,0.633933962
Snitz 2,12,14,0.608783615
Snitz 2,13,1,0.549520134
Snitz 2,13,2,0.566943825
Snitz 2,13,6,0.599266027
Snitz 2,13,10,0.609489573
Snitz 2,14,1,0.65665315
Snitz 2,14,6,0.663165187
Snitz 2,14,7,0.33198546
Snitz 2,14,10,0.347093793
Snitz 2,14,11,0.374876806
Snitz 2,14,13,0.595095117
Snitz 1,8,8,0.046875
Snitz 1,12,12,0.03125
Snitz 1,1,1,0.083333333
Snitz 1,9,9,0.083333333
Snitz 1,10,10,0.114583333
Snitz 1,11,11,0.145833333
Snitz 1,2,2,0.041666667
Snitz 1,3,3,0.041666667
Snitz 1,4,4,0.083333333
Snitz 1,5,5,0.125
Snitz 1,6,6,0.041666667
Snitz 1,7,7,0
Snitz 1,14,14,0.028846154
Snitz 1,15,15,0.067307692
Snitz 1,16,16,0.182692308
Snitz 1,17,17,0.125
Snitz 1,18,18,0.125
Snitz 1,19,19,0.182692308
Snitz 1,13,13,0.086538462
Snitz 1,20,20,0.086538462
Snitz 1,21,21,0.076923077
Snitz 1,22,22,0.086538462
Snitz 1,23,23,0.115384615
Snitz 1,24,24,0.057692308
Snitz 1,32,32,0
Snitz 1,36,36,0
Snitz 1,25,25,0.096153846
Snitz 1,33,33,0.057692308
Snitz 1,34,34,0.048076923
Snitz 1,35,35,0.173076923
Snitz 1,27,27,0.125
Snitz 1,31,31,0.25
Snitz 1,26,26,0.230769231
Snitz 1,26,26,0.096153846
Snitz 1,29,29,0.105769231
Snitz 1,30,30,0.096153846
Snitz 1,38,38,0.102272727
Snitz 1,39,39,0.284090909
Snitz 1,40,40,0.181818182
Snitz 1,41,41,0.136363636
Snitz 1,42,42,0.136363636
Snitz 1,43,43,0.238636364
Snitz 1,47,47,0.295454545
Snitz 1,48,48,0.204545455
Snitz 2,1,1,0.297098792
Snitz 2,5,5,0.417109793
Snitz 2,11,11,0.303733017
Snitz 2,14,14,0.315309426
Snitz 3,1,45,0.853163158
Snitz 3,2,17,0.695015
Snitz 3,3,19,0.579065
Snitz 3,4,24,0.517855
Snitz 3,5,30,0.403795
Snitz 3,6,31,0.519125
Snitz 3,7,20,0.65864
Snitz 3,8,46,0.48787
Snitz 3,9,33,0.881245
Snitz 3,10,44,0.468505
Snitz 3,11,36,0.507005
Snitz 3,12,26,0.479247368
Snitz 3,13,41,0.846735
Snitz 3,14,47,0.72933
Snitz 3,3,18,0.785838818
Snitz 3,15,3,0.527871708
Snitz 3,5,10,0.597252606
Snitz 3,6,5,0.470660465
Snitz 3,8,16,0.663154488
Snitz 3,11,6,0.86001484
Snitz 3,16,24,0.601831365
Snitz 3,17,4,0.366335771
Snitz 3,18,11,0.585803871
Snitz 3,19,7,0.792485265
Snitz 3,20,13,0.840092174
Snitz 3,21,8,0.407126287
Snitz 3,22,14,0.677653399
Snitz 3,23,20,0.698126165
Snitz 3,4,23,0.65032616
Snitz 3,10,21,0.495928802
Snitz 3,13,48,0.843367254
Snitz 3,14,15,0.624049943
Snitz 3,24,22,0.516052505
Snitz 3,25,48,0.688510001
Snitz 3,1,19,0.597813642
Snitz 3,1,31,0.462096361
Snitz 3,2,42,0.509307079
Snitz 3,2,49,0.68165099
Snitz 3,26,1,0.816886798
Snitz 3,27,2,0.584700252
Snitz 3,28,3,0.628586888
Snitz 3,29,49,0.500771628
Snitz 3,9,29,0.484677701
Snitz 3,30,11,0.77382997
Snitz 3,31,39,0.568988785
Snitz 3,32,43,0.631327475
Snitz 3,32,30,0.430612624
Snitz 3,33,5,0.9015043
Snitz 3,34,11,0.773957331
Snitz 3,34,24,0.133988274
Snitz 3,35,6,0.698383313
Snitz 3,36,43,0.833045202
Snitz 3,27,9,0.486584138
Snitz 3,28,32,0.4636252
Snitz 3,37,42,0.571803146
Snitz 3,38,5,0.708866262
Snitz 3,38,7,0.25269359
Snitz 3,39,34,0.423616938
Snitz 3,39,23,0.782691797
Snitz 3,40,9,0.440268133
Snitz 3,41,18,0.708733419
Snitz 3,42,36,0.90650385
Snitz 3,29,27,0.51112014
Snitz 3,43,40,0.421804162
Snitz 3,24,15,0.536919572
Snitz 3,24,37,0.596499541
Snitz 3,30,44,0.503614209
Snitz 3,31,48,0.636903806
Snitz 3,33,41,0.851676706
Snitz 3,44,21,0.496485982
Snitz 3,44,26,0.723162295
Snitz 3,36,40,0.808074946
Snitz 3,26,15,0.739664188
Snitz 3,37,28,0.555520117
Ravia 1,1,1,0.108636364
Ravia 1,1,2,0.719545455
Ravia 1,1,3,0.615227273
Ravia 1,1,4,0.779090909
Ravia 1,1,5,0.409545454
Ravia 1,1,6,0.745454546
Ravia 1,1,8,0.551590909
Ravia 1,1,9,0.647727273
Ravia 1,1,10,0.643409091
Ravia 1,1,11,0.689772727
Ravia 1,2,2,0.129772727
Ravia 1,2,4,0.394090909
Ravia 1,2,5,0.59
Ravia 1,2,7,0.348181818
Ravia 1,2,8,0.497954546
Ravia 1,2,10,0.703409091
Ravia 1,2,12,0.745909091
Ravia 1,2,13,0.422272727
Ravia 1,2,14,0.395
Ravia 1,3,2,0.533409091
Ravia 1,3,5,0.4725
Ravia 1,3,7,0.535909091
Ravia 1,3,8,0.485681818
Ravia 1,3,9,0.5075
Ravia 1,3,10,0.649545455
Ravia 1,3,11,0.504318182
Ravia 1,3,13,0.396363636
Ravia 1,4,3,0.5725
Ravia 1,4,5,0.668409091
Ravia 1,4,6,0.792727273
Ravia 1,4,8,0.513181818
Ravia 1,4,9,0.547954546
Ravia 1,4,10,0.650227273
Ravia 1,4,12,0.6675
Ravia 1,4,13,0.569772727
Ravia 1,5,7,0.595681818
Ravia 1,5,8,0.573636364
Ravia 1,5,9,0.625681818
Ravia 1,5,10,0.5875
Ravia 1,5,11,0.685
Ravia 1,5,14,0.530227273
Ravia 1,6,2,0.833409091
Ravia 1,6,3,0.713636364
Ravia 1,6,5,0.722045455
Ravia 1,6,7,0.837272727
Ravia 1,6,10,0.629318182
Ravia 1,6,11,0.849545455
Ravia 1,6,12,0.635227273
Ravia 1,6,13,0.818863636
Ravia 1,7,1,0.700909091
Ravia 1,7,4,0.530681818
Ravia 1,7,8,0.436818182
Ravia 1,7,9,0.477954546
Ravia 1,7,10,0.668181818
Ravia 1,7,11,0.332954546
Ravia 1,7,12,0.684090909
Ravia 1,7,14,0.433409091
Ravia 1,8,6,0.798181818
Ravia 1,8,10,0.625227273
Ravia 1,8,11,0.533181818
Ravia 1,8,12,0.628181818
Ravia 1,8,13,0.433181818
Ravia 1,8,14,0.427045455
Ravia 1,9,2,0.415227273
Ravia 1,9,6,0.771590909
Ravia 1,9,8,0.520909091
Ravia 1,9,11,0.546590909
Ravia 1,9,12,0.736818182
Ravia 1,9,13,0.555681818
Ravia 1,9,14,0.2275
Ravia 1,10,9,0.585909091
Ravia 1,10,11,0.6425
Ravia 1,10,14,0.6675
Ravia 1,11,2,0.453636364
Ravia 1,11,4,0.630909091
Ravia 1,11,12,0.737727273
Ravia 1,11,13,0.275909091
Ravia 1,11,14,0.464545454
Ravia 1,12,1,0.675909091
Ravia 1,12,3,0.613181818
Ravia 1,12,5,0.647045455
Ravia 1,12,10,0.306136364
Ravia 1,13,1,0.679545454
Ravia 1,13,5,0.676590909
Ravia 1,13,7,0.387045455
Ravia 1,13,10,0.691136364
Ravia 1,13,12,0.674772727
Ravia 1,13,13,0.255454546
Ravia 1,13,14,0.5
Ravia 1,14,1,0.610227273
Ravia 1,14,3,0.531136364
Ravia 1,14,4,0.498409091
Ravia 1,14,6,0.803409091
Ravia 1,14,12,0.652272727
Ravia 1,14,14,0.174545454
Ravia 2,1,1,0.1365
Ravia 2,1,2,0.6364
Ravia 2,1,3,0.6654
Ravia 2,1,4,0.2768
Ravia 2,1,5,0.6213
Ravia 2,1,6,0.4639
Ravia 2,1,8,0.644
Ravia 2,1,9,0.5792
Ravia 2,1,10,0.6726
Ravia 2,1,11,0.5905
Ravia 2,2,2,0.1123
Ravia 2,2,4,0.6731
Ravia 2,2,5,0.7491
Ravia 2,2,7,0.7304
Ravia 2,2,8,0.6205
Ravia 2,2,10,0.7725
Ravia 2,2,12,0.8059
Ravia 2,2,13,0.8229
Ravia 2,2,14,0.6833
Ravia 2,3,2,0.6769
Ravia 2,3,3,0.1098
Ravia 2,3,5,0.4322
Ravia 2,3,7,0.3855
Ravia 2,3,8,0.4696
Ravia 2,3,9,0.5183
Ravia 2,3,10,0.5519
Ravia 2,3,11,0.4607
Ravia 2,3,13,0.4467
Ravia 2,4,3,0.6791
Ravia 2,4,4,0.1159
Ravia 2,4,5,0.7286
Ravia 2,4,6,0.6529
Ravia 2,4,8,0.6542
Ravia 2,4,9,0.6743
Ravia 2,4,10,0.7128
Ravia 2,4,12,0.8327
Ravia 2,4,13,0.7573
Ravia 2,5,7,0.3867
Ravia 2,5,8,0.4579
Ravia 2,5,9,0.6734
Ravia 2,5,10,0.4804
Ravia 2,5,11,0.2273
Ravia 2,5,14,0.572
Ravia 2,6,2,0.4817
Ravia 2,6,3,0.6019
Ravia 2,6,5,0.6728
Ravia 2,6,7,0.7173
Ravia 2,6,10,0.567
Ravia 2,6,11,0.6914
Ravia 2,6,12,0.694
Ravia 2,6,13,0.715
Ravia 2,7,1,0.6644
Ravia 2,7,4,0.681
Ravia 2,7,7,0.105
Ravia 2,7,8,0.1945
Ravia 2,7,9,0.5282
Ravia 2,7,10,0.4841
Ravia 2,7,11,0.4042
Ravia 2,7,12,0.4857
Ravia 2,7,14,0.5004
Ravia 2,8,6,0.5494
Ravia 2,8,10,0.5018
Ravia 2,8,11,0.4342
Ravia 2,8,12,0.5737
Ravia 2,8,13,0.5069
Ravia 2,8,14,0.526
Ravia 2,9,2,0.3752
Ravia 2,9,6,0.4898
Ravia 2,9,8,0.4798
Ravia 2,9,11,0.6285
Ravia 2,9,12,0.7273
Ravia 2,9,13,0.5903
Ravia 2,9,14,0.5856
Ravia 2,10,9,0.6539
Ravia 2,10,11,0.4739
Ravia 2,10,14,0.2889
Ravia 2,11,2,0.7157
Ravia 2,11,4,0.7063
Ravia 2,11,11,0.129
Ravia 2,11,12,0.4773
Ravia 2,11,13,0.3468
Ravia 2,11,14,0.455
Ravia 2,12,1,0.7618
Ravia 2,12,3,0.5292
Ravia 2,12,5,0.5235
Ravia 2,12,10,0.3837
Ravia 2,12,12,0.1397
Ravia 2,13,1,0.7542
Ravia 2,13,5,0.3202
Ravia 2,13,7,0.3809
Ravia 2,13,10,0.4985
Ravia 2,13,12,0.3728
Ravia 2,13,13,0.1267
Ravia 2,13,14,0.5396
Ravia 2,14,1,0.6628
Ravia 2,14,3,0.5667
Ravia 2,14,4,0.7062
Ravia 2,14,6,0.5375
Ravia 2,14,12,0.5134
Ravia 2,14,14,0.1778
