Dataset,Mixture_1,Mixture_2,Predicted_Experimental_Values
Bushdid,65,66,0.579912788
Snitz 2,1,8,0.613236951
Snitz 1,24,17,0.682576278
Snitz 2,12,14,0.604571329
Snitz 1,49,45,0.632578308
Snitz 1,20,16,0.678210964
Snitz 1,47,39,0.566238788
Bushdid,29,30,0.555989528
Snitz 1,10,3,0.659968406
Bushdid,135,136,0.483926468
Snitz 2,3,4,0.584603599
Bushdid,487,488,0.645001892
Bushdid,243,244,0.57506882
Bushdid,17,18,0.394138455
Ravia,85,95,0.557523722
Bushdid,457,458,0.539572573
Snitz 2,9,14,0.595354353
Ravia,41,51,0.549866171
Bushdid,51,52,0.546916796
Bushdid,385,386,0.525943068
Bushdid,19,20,0.545759428
Bushdid,503,504,0.576330752
Snitz 2,2,4,0.579995395
Bushdid,21,22,0.519504085
Bushdid,235,236,0.371857849
Bushdid,483,484,0.463773338
Bushdid,7,8,0.626845137
Bushdid,511,512,0.549186407
Bushdid,119,120,0.610123662
Snitz 2,7,13,0.608327873
Bushdid,455,456,0.617573787
Snitz 2,12,10,0.592366046
Bushdid,431,432,0.597030922
Bushdid,133,134,0.389198191
Ravia,7,17,0.571319849
Ravia,44,54,0.44992609
Bushdid,203,204,0.539834832
Snitz 1,47,41,0.553289201
Bushdid,167,168,0.631675468
Snitz 1,1,4,0.57986641
Bushdid,171,172,0.380538055
Bushdid,233,234,0.579499338
Ravia,30,40,0.533197397
Bushdid,429,430,0.404188709
Bushdid,139,140,0.569524774
Snitz 2,6,7,0.591698832
