Dataset,Mixture_1,Mixture_2,Predicted_Experimental_Values
Bushdid,65,66,0.6324685440654205
Snitz 2,1,8,0.6255680228033051
Snitz 1,24,17,0.7657931501435978
Snitz 2,12,14,0.461104458740494
Snitz 1,49,45,0.6111359372265203
Snitz 1,20,16,0.7845129872384485
Snitz 1,47,39,0.5197150039631481
Bushdid,29,30,0.5985115882389814
Snitz 1,10,3,0.636331732227464
Bushdid,135,136,0.42302883241525424
Snitz 2,3,4,0.5179741606558416
Bushdid,487,488,0.5455402095434423
Bushdid,243,244,0.7619177526177243
Bushdid,17,18,0.4233004336354361
Ravia,85,95,0.564227292415584
Bushdid,457,458,0.5682413535957683
Snitz 2,9,14,0.4397167114703222
Ravia,41,51,0.46533018257083947
Bushdid,51,52,0.4886227061577686
Bushdid,385,386,0.6794160608616138
Bushdid,19,20,0.7328499668862603
Bushdid,503,504,0.7125379578104419
Snitz 2,2,4,0.4382645526190593
Bushdid,21,22,0.435316011364945
Bushdid,235,236,0.4223855426761862
Bushdid,483,484,0.42575960270530844
Bushdid,7,8,0.6921124247800767
Bushdid,511,512,0.5210085862398478
Bushdid,119,120,0.6505757804196568
Snitz 2,7,13,0.38287939394186
Bushdid,455,456,0.4357005716076664
Snitz 2,12,10,0.5538656178408606
Bushdid,431,432,0.63647389967204
Bushdid,133,134,0.5655414102780549
Ravia,7,17,0.5880577720417983
Ravia,44,54,0.43073705965867415
Bushdid,203,204,0.5797380181389818
Snitz 1,47,41,0.5516741648589192
Bushdid,167,168,0.6749377692229809
Snitz 1,1,4,0.525706975701296
Bushdid,171,172,0.42209947627174726
Bushdid,233,234,0.6378302316805599
Ravia,30,40,0.5775562081501528
Bushdid,429,430,0.42249119001362845
Bushdid,139,140,0.5910638747553711
Snitz 2,6,7,0.7027070029585692
