Dataset,Mixture_1,Mixture_2,Predicted_Experimental_Values,Ground_Truth,AbsError
Bushdid,65,66,0.56542575,0.65384614,0.08842039
Snitz 2,1,8,0.5726076,0.64042,0.06781244
Snitz 1,24,17,0.7857451,0.7451923,0.040552795
Snitz 2,12,14,0.7036665,0.6087836,0.094882905
Snitz 1,49,45,0.76118594,0.6761364,0.08504957
Snitz 1,20,16,0.7121304,0.7548077,0.042677283
Snitz 1,47,39,0.47264612,0.5625,0.08985388
Bushdid,29,30,0.673369,0.7307692,0.057400227
Snitz 1,10,3,0.69827366,0.6510417,0.047231972
Bushdid,135,136,0.37913957,0.53846157,0.159322
Snitz 2,3,4,0.46109727,0.44816408,0.012933195
Bushdid,487,488,0.6451255,0.65384614,0.008720636
Bushdid,243,244,0.6735875,0.46153846,0.21204904
Bushdid,17,18,0.33383045,0.34615386,0.012323409
Ravia,85,95,0.50615585,0.671875,0.16571915
Bushdid,457,458,0.6261724,0.8076923,0.18151987
Snitz 2,9,14,0.41149107,0.45565993,0.04416886
Ravia,41,51,0.39912692,0.35416666,0.04496026
Bushdid,51,52,0.5331348,0.30769232,0.2254425
Bushdid,385,386,0.39451164,0.42307693,0.028565288
Bushdid,19,20,0.5288291,0.53846157,0.009632468
Bushdid,503,504,0.6239221,0.84615386,0.22223175
Snitz 2,2,4,0.3551727,0.38947916,0.034306467
Bushdid,21,22,0.3846482,0.5,0.115351796
Bushdid,235,236,0.33368805,0.30769232,0.025995731
Bushdid,483,484,0.44276175,0.5,0.05723825
Bushdid,7,8,0.56561404,0.53846157,0.027152479
Bushdid,511,512,0.45390743,0.5769231,0.12301564
Bushdid,119,120,0.52312607,0.7307692,0.20764315
Snitz 2,7,13,0.5409375,0.5609942,0.020056725
Bushdid,455,456,0.58693916,0.5,0.086939156
Snitz 2,12,10,0.73959273,0.6290429,0.11054981
Bushdid,431,432,0.56547594,0.7692308,0.20375484
Bushdid,133,134,0.35246143,0.42307693,0.0706155
Ravia,7,17,0.78289807,0.42857143,0.35432664
Ravia,44,54,0.3573412,0.39583334,0.038492143
Bushdid,203,204,0.6132141,0.6923077,0.079093635
Snitz 1,47,41,0.50899774,0.53409094,0.025093198
Bushdid,167,168,0.6826457,0.7692308,0.086585104
Snitz 1,1,4,0.5150791,0.5260417,0.0109626055
Bushdid,171,172,0.3327341,0.23076923,0.101964876
Bushdid,233,234,0.7773155,0.6923077,0.08500779
Ravia,30,40,0.54922146,0.91071427,0.3614928
Bushdid,429,430,0.3543974,0.23076923,0.123628154
Bushdid,139,140,0.5486755,0.5769231,0.028247595
Snitz 2,6,7,0.69644785,0.7289671,0.03251922
