y_test,y_pred
0.576923077,0.5016542
0.307692308,0.5513644
0.538461538,0.4940571
0.5,0.556377
0.5,0.5225408
0.423076923,0.5052995
0.692307692,0.62169874
0.730769231,0.56291664
0.307692308,0.5399666
0.423076923,0.5638912
0.461538462,0.4993105
0.730769231,0.52947223
0.307692308,0.5178057
0.192307692,0.5176054
0.538461538,0.54751307
0.730769231,0.54641795
0.730769231,0.565024
0.461538462,0.5562264
0.576923077,0.6005619
0.615384615,0.6003975
0.653846154,0.5283657
0.538461538,0.517663
0.615384615,0.55350745
0.269230769,0.50413704
0.653846154,0.58263
0.423076923,0.54613394
0.346153846,0.47283754
0.538461538,0.5154046
0.269230769,0.56180096
0.769230769,0.52087563
0.423076923,0.4928688
0.692307692,0.6421751
0.730769231,0.5478168
0.230769231,0.49392444
0.461538462,0.5554695
0.423076923,0.53894466
0.5,0.5949238
0.461538462,0.51449126
0.423076923,0.5571269
0.846153846,0.63282335
0.5,0.5784711
0.615384615,0.5858408
0.538461538,0.55106485
0.461538462,0.49562365
0.576923077,0.6003499
0.538461538,0.61099327
0.769230769,0.5873261
0.576923077,0.5372253
0.576923077,0.4524263
0.576923077,0.5580688
0.5,0.62811023
0.538461538,0.55493265
0.423076923,0.57566327
0.615384615,0.49700734
0.846153846,0.5851503
0.576923077,0.58127886
0.384615385,0.55616117
0.5,0.52801853
0.846153846,0.5631602
0.692307692,0.5715092
0.538461538,0.59392273
0.75,0.5123721
0.428571429,0.50783336
0.714285714,0.6102869
0.5,0.5921861
0.5,0.52087927
0.395833333,0.4283824
0.666666667,0.5724899
0.40625,0.47713384
0.390625,0.48726666
0.421875,0.5605692
0.526041667,0.48509458
0.693181818,0.7255191
0.901041667,0.6950155
0.447916667,0.35459748
0.619791667,0.46415237
0.567708333,0.551515
0.651041667,0.69051725
0.369791667,0.45820576
0.458333333,0.53378564
0.510416667,0.50928336
0.552083333,0.46801743
0.567307692,0.592243
0.754807692,0.68897307
0.721153846,0.71808076
0.514423077,0.50323373
0.754807692,0.6751052
0.5,0.4899119
0.778846154,0.7137528
0.711538462,0.58608735
0.692307692,0.6096346
0.524038462,0.4380038
0.456730769,0.41590482
0.673076923,0.65422183
0.528409091,0.51518625
0.659090909,0.5402305
0.840909091,0.6864274
0.664772727,0.55379045
0.443181818,0.4593247
0.522727273,0.38489756
0.676136364,0.52862954
0.389479171,0.43820053
0.688897466,0.64311576
0.435297988,0.47437993
0.702678919,0.6743394
0.377680188,0.35085124
0.648905325,0.621388
0.715333919,0.6704199
0.464489509,0.4378382
0.344029083,0.46819526
0.699666352,0.71770626
0.381566352,0.4064998
0.399586021,0.48458192
0.724689658,0.75159764
0.62904294,0.6997978
0.633933962,0.64379406
0.663165187,0.66469365
0.374876806,0.4683107
0.046875,0.64806116
0.114583333,0.4148937
0.041666667,0.52106595
0.096153846,0.23165584
0.295454545,0.3962195
0.65864,0.57975096
0.785838818,0.50575286
0.840092174,0.6852116
0.698126165,0.678723
0.688510001,0.5350696
0.597813642,0.65239847
0.462096361,0.6375321
0.484677701,0.48997718
0.568988785,0.55061895
0.133988274,0.6053604
0.698383313,0.55557233
0.4636252,0.60938966
0.571803146,0.6467991
0.536919572,0.54740125
0.496485982,0.45678592
0.739664188,0.6282268
0.745454546,0.5612363
0.703409091,0.5816492
0.745909091,0.62161046
0.535909091,0.47781098
0.792727273,0.75057113
0.513181818,0.49478427
0.625681818,0.57352644
0.722045455,0.62401783
0.818863636,0.67241406
0.433181818,0.518995
0.771590909,0.6906284
0.520909091,0.53194433
0.555681818,0.50356895
0.453636364,0.3846612
0.630909091,0.57319874
0.255454546,0.36592314
0.531136364,0.48263747
0.498409091,0.502601
0.1365,0.5483259
0.6364,0.55499405
0.2768,0.58986443
0.1123,0.5483446
0.3855,0.38506526
0.7128,0.63212234
0.8327,0.67408305
0.3867,0.39199376
0.572,0.5242875
0.5004,0.50421476
0.4898,0.55695844
0.6285,0.54788464
0.5856,0.54892635
0.2889,0.52605283
0.129,0.36658764
0.1778,0.5297963
