y_test,y_pred
0.538461538,0.66307056
0.538461538,0.5552562
0.576923077,0.48502275
0.615384615,0.5468641
0.5,0.5235184
0.576923077,0.6142978
0.807692308,0.49338067
0.653846154,0.6059067
0.653846154,0.5632904
0.538461538,0.58693445
0.346153846,0.555331
0.769230769,0.55322975
0.423076923,0.526156
0.269230769,0.5305745
0.692307692,0.5681693
0.846153846,0.5429968
0.461538462,0.5911139
0.692307692,0.6198757
0.192307692,0.5568761
0.769230769,0.58661366
0.692307692,0.54396707
0.461538462,0.56368345
0.730769231,0.56994855
0.730769231,0.55759037
0.461538462,0.4637513
0.192307692,0.49918228
0.615384615,0.49186772
0.730769231,0.53208226
0.384615385,0.5691846
0.769230769,0.5914673
0.538461538,0.56206477
0.423076923,0.53312963
0.384615385,0.5761436
0.730769231,0.568507
0.5,0.51300704
0.346153846,0.50823575
0.692307692,0.584856
0.5,0.5546363
0.307692308,0.5622108
0.423076923,0.46814647
0.538461538,0.5662124
0.692307692,0.5806092
0.769230769,0.5586329
0.461538462,0.48695287
0.807692308,0.52633804
0.807692308,0.49160242
0.423076923,0.59315693
0.730769231,0.534897
0.384615385,0.51610655
0.653846154,0.60676116
0.461538462,0.5310977
0.730769231,0.55086315
0.589285714,0.5346079
0.660714286,0.5429311
0.482142857,0.5175788
0.464285714,0.52974546
0.589285714,0.50720495
0.520833333,0.5010016
0.3125,0.5574053
0.458333333,0.50243354
0.645833333,0.5700212
0.729166667,0.552442
0.671875,0.59380525
0.684895833,0.5316217
0.807291667,0.7413449
0.46875,0.45755157
0.682291667,0.64830005
0.754807692,0.6340976
0.682692308,0.67902696
0.451923077,0.47874612
0.793269231,0.71737784
0.673076923,0.6822269
0.418269231,0.48726815
0.735576923,0.69173527
0.745192308,0.70740616
0.677884615,0.60403323
0.673076923,0.59676784
0.610576923,0.56618637
0.8125,0.66438955
0.610576923,0.7005282
0.740384615,0.67446464
0.754807692,0.58742523
0.533653846,0.499593
0.519230769,0.5329891
0.658653846,0.5673708
0.692307692,0.6513705
0.629807692,0.46835464
0.653846154,0.6496876
0.716346154,0.7434535
0.664772727,0.5284223
0.488636364,0.50727683
0.534090909,0.4988447
0.346590909,0.48295903
0.528409091,0.5838895
0.647727273,0.579972
0.676136364,0.60929775
0.417794564,0.53757733
0.640420003,0.5964106
0.461249656,0.6383159
0.521107479,0.4993972
0.434875161,0.4236913
0.289236253,0.42888835
0.641323935,0.5321041
0.548093475,0.56617135
0.75005623,0.7906528
0.4955536,0.57601565
0.671511581,0.6978707
0.640651637,0.69567007
0.566943825,0.59078217
0.595095117,0.6123305
0.145833333,0.4434079
0.067307692,0.509311
0.076923077,0.53884786
0.096153846,0.40085807
0.102272727,0.40659618
0.181818182,0.42318693
0.136363636,0.43360105
0.303733017,0.45839524
0.853163158,0.5849216
0.403795,0.54878753
0.846735,0.72073376
0.597252606,0.572355
0.470660465,0.57364315
0.86001484,0.5495341
0.585803871,0.5739514
0.77382997,0.4318207
0.9015043,0.7695934
0.773957331,0.38875377
0.486584138,0.55139
0.708866262,0.5187584
0.782691797,0.5916135
0.596499541,0.5329412
0.503614209,0.4917011
0.108636364,0.69034785
0.409545454,0.6556886
0.497954546,0.41449475
0.533409091,0.46481386
0.4725,0.60582006
0.5725,0.5703422
0.569772727,0.6027289
0.595681818,0.6321483
0.635227273,0.70200723
0.530681818,0.6041629
0.433409091,0.43971905
0.628181818,0.62417275
0.546590909,0.48975095
0.6425,0.66933143
0.6675,0.60321033
0.613181818,0.637471
0.306136364,0.65639055
0.679545454,0.6710228
0.387045455,0.40768218
0.174545454,0.40893987
0.6213,0.5667039
0.644,0.55117667
0.5905,0.5418763
0.6731,0.6502739
0.6205,0.64058685
0.4696,0.45608264
0.6542,0.61227393
0.7573,0.6298044
0.2273,0.5049081
0.4817,0.63879114
0.715,0.6290082
0.6644,0.46852162
0.1945,0.4438953
0.526,0.50146365
0.5903,0.57669544
0.3468,0.45369065
0.7542,0.5685294
0.3809,0.4322492
0.3728,0.50228924
0.1267,0.45580387
